CREATE DATABASE IF NOT EXISTS $dbName DEFAULT CHARACTER SET utf8mb3 COLLATE utf8mb3_general_ci;

USE $dbName;

GRANT ALL PRIVILEGES ON `$dbName`.* TO `ncsldemo`@`localhost`;

CREATE TABLE `games` (
  `id` int(11) NOT NULL,
  `team1` tinytext NOT NULL,
  `gameday` varchar(9) NOT NULL,
  `gamedate` date NOT NULL,
  `game1` time NOT NULL,
  `game2` time NOT NULL,
  `division` char(1) NOT NULL,
  `field` tinytext NOT NULL,
  `team2` tinytext NOT NULL,
  `score1_t1` int(11) NOT NULL,
  `score1_t2` int(11) NOT NULL,
  `score2_t1` int(11) NOT NULL,
  `score2_t2` int(11) NOT NULL
) ENGINE=InnoDB DEFAULT CHARSET=latin1;



INSERT INTO games (id, team1, gameday, gamedate, game1, game2, division, field, team2, score1_t1, score1_t2, score2_t1, score2_t2) VALUES
(1, 'Hamilton Hills', 'Friday', '2023-05-26', '18:30:00', '19:45:00', 'B', 'NVN', 'District 13', 6, 8, 9, 7),
(2, 'Crosspoint', 'Monday', '2023-06-01', '18:30:00', '19:45:00', 'B', 'NVS', 'Faith', 0, 0, 0, 0),
(3, 'Castleton', 'Monday', '2023-06-01', '18:30:00', '19:45:00', 'B', 'CCC', 'Cornerstone 2', 0, 0, 0, 0),
(4, 'Harvest 2', 'Tuesday', '2023-06-02', '18:30:00', '19:45:00', 'A', 'NVN', 'Northview 1', 0, 0, 0, 0),
(5, 'Church at the Crossing', 'Tuesday', '2023-06-02', '18:30:00', '19:45:00', 'A', 'NVS', 'Radiant Life', 0, 0, 0, 0),
(6, 'Crossroads 1', 'Tuesday', '2023-06-02', '18:30:00', '19:45:00', 'A', 'CCC', 'Cornerstone 1', 0, 0, 0, 0),
(7, 'Refuge', 'Thursday', '2023-06-04', '18:30:00', '19:45:00', 'C', 'NVN', 'Restoration', 0, 0, 0, 0),
(8, 'Crossroads 3', 'Thursday', '2023-06-04', '18:30:00', '19:45:00', 'C', 'CCC', 'Pennington Park', 0, 0, 0, 0),
(9, 'Cornerstone 2', 'Monday', '2023-06-08', '18:30:00', '19:45:00', 'B', 'NVN', 'Faith', 0, 0, 0, 0),
(10, 'Castleton', 'Monday', '2023-06-08', '18:30:00', '19:45:00', 'B', 'NVS', 'Hamilton Hills', 0, 0, 0, 0),
(11, 'Crosspoint', 'Monday', '2023-06-08', '18:30:00', '19:45:00', 'B', 'CCC', 'District 13', 0, 0, 0, 0),
(12, 'Cornerstone 1', 'Tuesday', '2023-06-09', '18:30:00', '19:45:00', 'A', 'NVN', 'Radiant Life', 0, 0, 0, 0),
(13, 'Church at the Crossing', 'Tuesday', '2023-06-09', '18:30:00', '19:45:00', 'A', 'NVS', 'Harvest 2', 0, 0, 0, 0),
(14, 'Crossroads 1', 'Tuesday', '2023-06-09', '18:30:00', '19:45:00', 'A', 'CCC', 'Northview 1', 0, 0, 0, 0),
(15, 'Pennington Park', 'Thursday', '2023-06-11', '18:30:00', '19:45:00', 'C', 'NVS', 'Restoration', 0, 0, 0, 0),
(16, 'Crossroads 3', 'Thursday', '2023-06-11', '18:30:00', '19:45:00', 'C', 'CCC', 'Refuge', 0, 0, 0, 0),
(17, 'Crosspoint', 'Monday', '2023-06-15', '18:30:00', '19:45:00', 'B', 'NVN', 'Cornerstone 2', 0, 0, 0, 0),
(18, 'District 13', 'Monday', '2023-06-15', '18:30:00', '19:45:00', 'B', 'NVS', 'Castleton', 0, 0, 0, 0),
(19, 'Faith', 'Monday', '2023-06-15', '18:30:00', '19:45:00', 'B', 'CCC', 'Hamilton Hills', 0, 0, 0, 0),
(20, 'Church at the Crossing', 'Tuesday', '2023-06-16', '18:30:00', '19:45:00', 'A', 'NVN', 'Northview 1', 0, 0, 0, 0),
(21, 'Cornerstone 1', 'Tuesday', '2023-06-16', '18:30:00', '19:45:00', 'A', 'NVS', 'Harvest 2', 0, 0, 0, 0),
(22, 'Crossroads 1', 'Tuesday', '2023-06-16', '18:30:00', '19:45:00', 'A', 'CCC', 'Radiant Life', 0, 0, 0, 0),
(23, 'Pennington Park', 'Thursday', '2023-06-18', '18:30:00', '19:45:00', 'C', 'NVS', 'Refuge', 0, 0, 0, 0),
(24, 'Crossroads 3', 'Thursday', '2023-06-18', '18:30:00', '19:45:00', 'C', 'CCC', 'Restoration', 0, 0, 0, 0),
(25, 'District 13', 'Monday', '2023-06-22', '18:30:00', '19:45:00', 'B', 'NVN', 'Faith', 0, 0, 0, 0),
(26, 'Cornerstone 2', 'Monday', '2023-06-22', '18:30:00', '19:45:00', 'B', 'NVS', 'Hamilton Hills', 0, 0, 0, 0),
(27, 'Castleton', 'Monday', '2023-06-22', '18:30:00', '19:45:00', 'B', 'CCC', 'Crosspoint', 0, 0, 0, 0),
(28, 'Cornerstone 1', 'Tuesday', '2023-06-23', '18:30:00', '19:45:00', 'A', 'NVN', 'Northview 1', 0, 0, 0, 0),
(29, 'Harvest 2', 'Tuesday', '2023-06-23', '18:30:00', '19:45:00', 'A', 'NVS', 'Radiant Life', 0, 0, 0, 0),
(30, 'Church at the Crossing', 'Tuesday', '2023-06-23', '18:30:00', '19:45:00', 'A', 'CCC', 'Crossroads 1', 0, 0, 0, 0),
(31, 'Refuge', 'Thursday', '2023-06-25', '18:30:00', '19:45:00', 'C', 'NVN', 'Restoration', 0, 0, 0, 0),
(32, 'Crossroads 3', 'Thursday', '2023-06-25', '18:30:00', '19:45:00', 'C', 'CCC', 'Pennington Park', 0, 0, 0, 0),
(33, 'Cornerstone 2', 'Monday', '2023-06-29', '18:30:00', '19:45:00', 'B', 'NVN', 'District 13', 0, 0, 0, 0),
(34, 'Crosspoint', 'Monday', '2023-06-29', '18:30:00', '19:45:00', 'B', 'NVS', 'Hamilton Hills', 0, 0, 0, 0),
(35, 'Castleton', 'Monday', '2023-06-29', '18:30:00', '19:45:00', 'B', 'CCC', 'Faith', 0, 0, 0, 0),
(36, 'Northview 1', 'Tuesday', '2023-06-30', '18:30:00', '19:45:00', 'A', 'NVN', 'Radiant Life', 0, 0, 0, 0),
(37, 'Church at the Crossing', 'Tuesday', '2023-06-30', '18:30:00', '19:45:00', 'A', 'NVS', 'Cornerstone 1', 0, 0, 0, 0),
(38, 'Harvest 2', 'Tuesday', '2023-06-30', '18:30:00', '19:45:00', 'A', 'CCC', 'Crossroads 1', 0, 0, 0, 0),
(39, 'Pennington Park', 'Thursday', '2023-07-02', '18:30:00', '19:45:00', 'C', 'NVN', 'Restoration', 0, 0, 0, 0),
(40, 'Crossroads 3', 'Thursday', '2023-07-02', '18:30:00', '19:45:00', 'C', 'CCC', 'Refuge', 0, 0, 0, 0),
(41, 'Crosspoint', 'Monday', '2023-07-06', '18:30:00', '19:45:00', 'B', 'NVN', 'Faith', 0, 0, 0, 0),
(42, 'Castleton', 'Monday', '2023-07-06', '18:30:00', '19:45:00', 'B', 'NVS', 'Cornerstone 2', 0, 0, 0, 0),
(43, 'Hamilton Hills', 'Monday', '2023-07-06', '18:30:00', '19:45:00', 'B', 'CCC', 'District 13', 0, 0, 0, 0),
(44, 'Church at the Crossing', 'Tuesday', '2023-07-07', '18:30:00', '19:45:00', 'A', 'NVN', 'Radiant Life', 0, 0, 0, 0),
(45, 'Harvest 2', 'Tuesday', '2023-07-07', '18:30:00', '19:45:00', 'A', 'NVS', 'Northview 1', 0, 0, 0, 0),
(46, 'Crossroads 1', 'Tuesday', '2023-07-07', '18:30:00', '19:45:00', 'A', 'CCC', 'Cornerstone 1', 0, 0, 0, 0),
(47, 'Pennington Park', 'Thursday', '2023-07-09', '18:30:00', '19:45:00', 'C', 'NVS', 'Refuge', 0, 0, 0, 0),
(48, 'Crossroads 3', 'Thursday', '2023-07-09', '18:30:00', '19:45:00', 'C', 'CCC', 'Restoration', 0, 0, 0, 0),
(49, 'Castleton', 'Monday', '2023-07-13', '18:30:00', '19:45:00', 'B', 'NVN', 'Hamilton Hills', 0, 0, 0, 0),
(50, 'Crosspoint', 'Monday', '2023-07-13', '18:30:00', '19:45:00', 'B', 'NVS', 'District 13', 0, 0, 0, 0),
(51, 'Cornerstone 2', 'Monday', '2023-07-13', '18:30:00', '19:45:00', 'B', 'CCC', 'Faith', 0, 0, 0, 0),
(52, 'Church at the Crossing', 'Tuesday', '2023-07-14', '18:30:00', '19:45:00', 'A', 'NVN', 'Harvest 2', 0, 0, 0, 0),
(53, 'Cornerstone 1', 'Tuesday', '2023-07-14', '18:30:00', '19:45:00', 'A', 'NVS', 'Radiant Life', 0, 0, 0, 0),
(54, 'Crossroads 1', 'Tuesday', '2023-07-14', '18:30:00', '19:45:00', 'A', 'CCC', 'Northview 1', 0, 0, 0, 0),
(55, 'Refuge', 'Thursday', '2023-07-16', '18:30:00', '19:45:00', 'C', 'NVN', 'Restoration', 0, 0, 0, 0),
(56, 'Crossroads 3', 'Thursday', '2023-07-16', '18:30:00', '19:45:00', 'C', 'CCC', 'Pennington Park', 0, 0, 0, 0);





CREATE TABLE `locations` (
  `id` int(11) NOT NULL,
  `name` tinytext NOT NULL,
  `notes` tinytext NOT NULL,
  `address` tinytext NOT NULL,
  `lat` double NOT NULL,
  `lng` double NOT NULL
) ENGINE=InnoDB DEFAULT CHARSET=latin1;



INSERT INTO `locations` (`id`, `name`, `notes`, `address`, `lat`, `lng`) VALUES
(1, 'CCC', 'Crossroads Community', '14885 Southeastern Pkwy, Fishers, IN 46037, USA', 39.97872033981205, -85.90367128049547),
(2, 'NVS', 'Northview South (Lower Field)', '12900 Hazel Dell Pkwy, Carmel, IN 46033, USA', 39.97386226998086, -86.07109998728026),
(3, 'NVN', 'Northview North (Upper Field)', '12900 Hazel Dell Pkwy, Carmel, IN 46033, USA', 39.974783117746256, -86.07112144495238),
(4, 'CV1', 'Castleview  Field 1 (Closest to the Road)', '8601 Hague Rd, Indianapolis, IN 46256, USA', 39.91279791388076, -86.0302876401978),
(5, 'CV4', 'Castleview Field 4 (Furthest from the road)', '8601 Hague Rd, Indianapolis, IN 46256, USA', 39.91533247651821, -86.02990140209965);





CREATE TABLE `news` (
  `id` int(11) NOT NULL,
  `title` tinytext NOT NULL,
  `author_id` int(11) NOT NULL,
  `postbody` text NOT NULL,
  `visibility` int(11) NOT NULL,
  `when` datetime NOT NULL
) ENGINE=InnoDB DEFAULT CHARSET=latin1;





CREATE TABLE `pages` (
  `id` int(11) NOT NULL,
  `parent` char(4) NOT NULL,
  `element` tinytext NOT NULL,
  `content` longtext NOT NULL
) ENGINE=InnoDB DEFAULT CHARSET=latin1;



INSERT INTO `pages` (`id`, `parent`, `element`, `content`) VALUES
(1, 'home', 'homeBlurb', '<p>The Northside Christian Softball League offers&nbsp;Men&rsquo;s&nbsp;(May &ndash; July) and Co-ed (Aug &ndash; Oct) softball leagues to churches on the Northside of Indianapolis.&nbsp; These leagues exist to provide men and women the opportunity to use their God-given physical talents in competition while also coming together in community, building relationships, and encouraging each other to grow in their spiritual lives.&nbsp; Our hope is that the leagues, and the teams that participate in them, would honor God by being a witness for Christ to all who play and watch the games, and in the communities in which we play.</p>\n<p>&nbsp;</p>\n<p>League Fees: $350</p>\n<p>Important Dates:</p>\n<p>January 1:&nbsp; Registration open to all returning teams for the Men&#39;s league</p>\n<p>March 15:&nbsp; &nbsp;Registration open to new teams and returning teams on a first come first served basis</p>\n<p>April 23:&nbsp; &nbsp; &nbsp; Coaches Meeting 7 - 8:30 pm</p>\n<p>May 11 - 15: Start of Men&#39;s League season</p>\n<p>May 25 - 29: Memorial Day Week - No Games</p>\n<p>July 6 - 10 Independence Day Week - No Games</p>\n<p>July 13 - 17 Tournament Begins</p>\n<p>&nbsp;</p>'),
(2, 'info', 'aboutus', '<p><strong>MISSION:</strong> to honor God by being a witness for Christ to all who play and watch the games and in the communities in which we play those games.</p>\n<p><strong>PURPOSE:</strong> to allow players to use their God-given physical talents in competition while also coming together in community, building relationships, and encouraging each other to grow in their spiritual lives.</p>\n<p>Our Men&rsquo;s League has capacity for 24 teams across three divisions and plays at three locations:</p>\n<ul><li>Castleview Baptist Church (86th&nbsp;&amp; Hague Rd, Indianapolis)</li><li>Crossroads Community Church (126th&nbsp;&amp; Southeastern Pkwy, Fishers)</li><li>Northview Church (131st&nbsp;&amp; Hazel Dell Rd, Carmel)</li></ul>\n<p>Our Co-ed League has capacity for 12&nbsp;teams and plays at Northview.</p>\n<p>&nbsp;</p>\n<p>For more information, contact Aaron at&nbsp;<strong>northsidechristiansoftball@gmail.com</strong>.</p>\n<p>For scheduling, contact Craig at&nbsp;<strong>cdurbin1@yahoo.com</strong></p>'),
(3, 'info', 'locations', '<h3><strong>PLEASE NOTE:&nbsp; </strong>This is not a replacement for knowing the rules of the league, but to be used as a guide for rules that teams need to be reminded of each game.&nbsp; Please see the actual rules which further explanations of each of those listed below.</h3>\n<div><p>&nbsp;</p>\n<p><strong>GENERAL RULES TO REITERATE BEFORE EACH GAME</strong></p></div>\n<ul><li>Begin and end each night with prayer</li><li>No metal spikes</li><li>All bats MUST be ASA certified and approved</li><li>Only COACHES are allowed to discuss calls with the umpire&nbsp;</li><li>A legal pitch must reach a height of at least 6&rsquo; and not exceed 10&rsquo; &nbsp;</li><li>Strikes mats are to be positioned to cover the back triangle of the plate.&nbsp; At the front of the mat, if a pitch hits any part of home plate, it is a ball.&nbsp; For all other areas, if a pitch hits any part of the mat, it is a strike.</li><li>Batters begin with a 1-1 count.</li><li>Runners must use the orange bag at 1B unless rounding.&nbsp; Fielders must use the white bag.</li><li>The strike mats are NOT to be used as an extension of home plate.&nbsp; Please refer to Rule 15 which details how to handle plays at the plate.&nbsp;</li><li>Announce start time so 1hr time limit is observed and agreed upon by the two teams.</li><li>Report results to League Director.</li></ul>\n<p><strong>HOUSE RULES:</strong></p>\n<ul><li>ALL FIELDS<ul style=\"list-style-type:disc\"><li>Out-of-play:&nbsp; The backstop extended on both sides is the out-of-play line.&nbsp; On an overthrown ball that goes out of play, the runner is awarded the next base.&nbsp; If they are more than half way to the next base AND NOT RETREATING, they are awarded two bases.<strong>&nbsp; </strong>This does NOT extend to fly balls.&nbsp; In those cases, the defender may make a play on the ball, but at their own risk.&nbsp;</li><li>Also, the fielder is allowed to make a play on the ball to prevent the automatic home runs described below, but at their own risk.&nbsp; At Castleview, the catch must be made prior to the ball crossing the tree line or making contact with the tree in any way.&nbsp; Consider the tree line like a fence at a ballpark.</li></ul></li><li>CASTLEVIEW F1:<ul style=\"list-style-type:disc\"><li>If a ball lands in the RF trees in the air &ndash; HOME RUN</li><li>If a ball rolls into the RF trees, defender puts hands in the air &ndash; GROUND RULE TRIPLE</li></ul></li><li>CASTLEVIEW F4:<ul style=\"list-style-type:disc\"><li>If a ball lands in the LF trees or field in the air &ndash; HOME RUN</li><li>If a ball rolls into the LF trees or field, defender puts hands in the air &ndash; GROUND RULE TRIPLE</li></ul></li><li>CROSSROADS:<ul style=\"list-style-type:disc\"><li>If a ball lands on/in the knob or culvert in CF in the air &ndash; HOME RUN</li><li>If a ball rolls on/in the knob or culvert in CF, defender puts hands in the air &ndash; GROUND RULE TRIPLE</li><li>Be aware of exposed pole on LF fence and RF foul line</li></ul></li><li>NORTHVIEW SOUTH:<ul style=\"list-style-type:disc\"><li>If a ball lands on top of hill in RF/CF near cars in the air &ndash; HOME RUN</li><li>If a ball rolls under cars in RF/CF, defender puts hands in the air &ndash; GROUND RULE TRIPLE</li></ul></li><li>NORTHVIEW NORTH:<ul style=\"list-style-type:disc\"><li>If a ball lands in/over the deep grass in RF/CF in the air &ndash; HOME RUN</li><li>If a ball rolls into the deep grass in RF/CF, defender puts hands in the air &ndash; GROUND RULE TRIPLE</li></ul></li></ul>'),
(4, 'info', 'rules', '<p><strong>ELIGIBILITY:</strong></p>\n<ol><li><p>Players must be MEN, 16 or older as of the day the league commences.</p></li><li><p>Players (including returning players) MUST sign a liability waiver PRIOR to their first game. Players under 18 require a parent/guardian signature as well. Coaches are responsible for having forms signed and can be asked to produce waivers at any point throughout the season (create a file and keep it with you, also have extras on hand for new players).</p></li><li><p>Players should play in at least two (2) games (separate days) to be eligible to play in the playoffs. This is not easily enforced by the league, so coaches are asked to have integrity when creating their playoff rosters (i.e. don&rsquo;t stack your team with ringers). If you know you will be short at tourney time, try to have potential subs participate during the season.</p></li></ol>\n<p>&nbsp;</p>\n<p><strong>CLOTHING/APPAREL/EQUIPMENT:</strong></p>\n<ol><li><p>Shirt and Shoes are required at all times.</p></li><li><p>Metal spikes will not be permitted.</p></li><li><p>League balls will be provided.</p></li><li><p>All bats should be <a href=\"http://www.teamusa.org/usa-softball/play-usa-softball/certified-usa-softball-equipment\" target=\"_blank\">ASA certified and approved</a>.</p></li></ol>\n<p>&nbsp;</p>\n<p><strong>CODE OF CONDUCT:</strong></p>\n<ol><li><p>Mangers/Coaches will be responsible for the conduct of their players and fans.</p></li><li><p>Use of foul language is not permitted and offending players will be subject to the following:</p>\n<ul><li><p>1st Offense: warning from the umpire.</p></li><li><p>2nd Offense: immediate dismissal from that game and a report to the League Director.</p></li><li><p>Further disciplinary action could be warranted, up to and including, dismissal from games for the remainder of season, to include playoffs.</p></li></ul></li><li><p>Arguing with umpire(s) will not be tolerated. Only COACHES are allowed to discuss calls with the umpire. The umpire will decide when the discussion shall end. This assumes that the umpire (being a player on the opposing team) understands that he is also accountable for his behavior. Coaches should report any exceedingly poor sportsmanship and/or player ejections to the League Director. Appropriate action will be taken to ensure there are not repeated incidents.</p></li><li><p>Verbal abuse and/or physical roughness of any umpire or player is not permitted and will be subject to the following:</p>\n<ul><li><p>1st Offense: immediate dismissal from the game and a report to the League Director. Upon review of the situation, further disciplinary action could be warranted.</p></li><li><p>2nd Offense: dismissal from the league.</p></li></ul></li><li><p>A player ejected from two games will be dismissed for the remainder of the season to, include playoffs.</p></li><li><p>No alcoholic beverages or tobacco products will be permitted at any field location or in parking lots thereof. Any player having consumed alcohol prior to a game can be asked to not participate in that game. Any spectator in violation of this rule will be asked to leave the immediate premises. NOTE: This is not an attack on your views regarding alcohol or tobacco use, but rather simply does NOT coincide with the direct mission of the league and is also in direct contradiction to policies of the churches that provide league fields.</p></li></ol>\n<p>&nbsp;</p>\n<p><strong>PRE-GAME:</strong></p>\n<ol><li><p>Each double-header should start and end with a prayer. Coaches should ensure this is occurring. This is an outflow of league&rsquo;s mission and purpose and serves to remind the players of our desire to compete for the glory of God.</p></li><li><p>There is a 15 minute warm up period for each team prior to the first game of the double-header ONLY (Home &ndash; 6:00-6:15 &amp; Visitors &ndash; 6:15-6:30). Please do not infringe on others warm up time.</p></li><li><p>Games start at 6:30PM; however, there is a 15 minute grace period for the 1st game only.</p></li><li><p>All ground rules should be determined PRIOR to the start of the first game (i.e. home runs, ground rule doubles, out of play, etc.).</p></li></ol>\n<p>&nbsp;</p>\n<p><strong>THE GAME:</strong></p>\n<ol><li><p>The first team listed on the schedule is HOME for Game 1. This alternates for Game 2.</p></li><li><p>A team may start the game with eight (8) players without penalty. Less than eight players will result in an automatic forfeit. No &ldquo;out&rdquo; will be assessed for playing with less than 10 players. If starting with less than 10 players, additional players are allowed to join play as they arrive without penalty, but must be added to the END of the batting order.</p></li><li><p>If a team has less than 9 to start, the opposing team must supply a catcher, but they are to catch PITCHES ONLY. Once the ball is in play, the substitute catcher should clear the area so as to not interfere with any play.</p></li><li><p>All players on the team may be in the line-up, but this is not mandatory. If you bat your full<br />lineup, free substitution applies defensively. If you bat only 10, players may leave and re-enter the lineup, but they must bat in their original place in the order.</p></li><li><p>Any player (including the pitcher) may be replaced or reinstated at any point during the game.</p></li><li><p>Each team should supply an umpire during their &lsquo;at bat&rsquo;. All calls are final. Umpires are expected to be fair and consistent.</p></li><li><p>The distance from the front of the pitching rubber to the back tip of home plate should be 50&rsquo;.</p></li><li><p>A legal pitch must reach a height of at least 6&rsquo; and not exceed 10&rsquo;. A strike mat will be used to determine balls and strikes. If the ball hits any part of the mat, it is a strike. If it does not, it is a ball. To be consistent, this MUST be followed.</p></li><li><p>The pitcher may not argue with the umpire regarding balls and strikes; however, he may inquire about the placement of the ball (i.e. long, short, high, or low).</p></li><li><p>Batters begin with a 1-1 count.</p></li><li><p>A foul ball with two strikes results in a strike out. If the foul ball resulting in the strike out is fielded by any player, runners may advance at their own risk.</p></li><li><p>Bunting, intentional chopping, and stealing bases are illegal.</p></li><li><p>On a play at 1st base, runners MUST use the orange bag (if available) to help ensure player safety. Failure to do so will result in an out regardless of the actual result of the play. Conversely, if the defender covers utilizing the orange bag, the runner will be safe regardless of the actual result of the play. A runner rounding, or returning to, 1st base is not required to use the orange bag.</p></li><li><p>A team may pinch run once per inning FOR AN INJURED PLAYER. The pinch runner must be the last player to have made an &lsquo;out&rsquo; for the injured player&rsquo;s team.</p></li><li><p>On plays at home, a runner must either slide or avoid initiating contact with the catcher. If the runner does not slide and <strong>clearly initiates</strong> contact with the body of the catcher, he will be called out. Bottom line:</p>\n<ul><li><p>Clear Runner Initiated Contact + NO Slide = OUT;</p>\n<ul><li><p>The following are considered examples of contact initiated by the DEFENSIVE PLAYER and are therefore exempted from this rule:</p>\n<ul><li><p>Defensive player putting on a tag;</p></li><li><p>Defensive player sliding into the path of the runner in order to draw contact;</p></li><li><p>Defensive player moving into the base path to get an errant throw.</p></li></ul></li></ul></li><li><p>Contact + Slide = Result of the Play;</p></li><li><p>No Contact = Result of the Play.</p></li></ul></li></ol>\n<p>The League is trying to promote SAFE &amp; SMART play. So, CATCHERS &ndash; Don&rsquo;t block the plate. RUNNERS &ndash; When in doubt, miss the catcher and/or slide.</p>\n<ol><li><p>The infield fly rule is to be observed. The ASA definition of an infield fly is &ldquo;a fair fly ball, not including a line drive, which can be caught by an infielder, pitcher or catcher with ordinary effort when first and second or first, second and third bases are occupied with less than two outs.&rdquo;</p></li><li><p>All games will consist of 7 innings or one hour in length, whichever comes first. If the time limit is reached during an inning of play, that inning must be completed barring adverse conditions outlined below. Four (4) full innings constitutes a full game. A mutual agreement between the two coaches may cancel any further play due to adverse conditions (i.e. rain, lightening, darkness, or other unsafe conditions).</p></li><li><p>A run rule is to be observed. If a team has a lead of 15 or more after five innings, the game will be deemed complete.</p></li><li><p>In the event of a tie at the end of either 7 innings or whichever inning is completed beyond the one hour time limit, the tie will be broken in the following manner (beginning with the visiting team):</p>\n<ul><li><p>Begin with one (1) out;</p></li><li><p>Begin with a runner on 2nd base. This should be the player that made the last out in the previous inning;</p></li><li><p>The 1-1 count remains in effect</p></li><li><p>Play until the tie is broken at the conclusion of an inning.</p></li></ul></li></ol>\n<p>&nbsp;</p>\n<p>&nbsp;</p>\n<p><strong><em>CO-ED ADAPTATIONS TO RULES IN &lsquo;THE GAME&rsquo; SECTION:</em></strong></p>\n<ol><li><p>There will be at least 3 females per team on the field at all times. There is no requirement where the females must play at this time.</p></li><li><p>The batting line-up will consist of alternating male-female. Because only 3 females are required to field a team, teams may place 2 males between each female. If there are not enough females to keep 2 males between each female, the females must be rotated through the line-up to keep the 2 males to 1 female ratio.</p></li><li><p>If a pitcher walks a male and there are already 2 outs, the female coming up to bat next has the option to bat or take a walk. If the female chooses to bat, the runner on first does not automatically advance to 2nd.</p></li></ol>\n<p><br /><br /><br />&nbsp;</p>\n<p><strong>ADVERSE WEATHER:</strong></p>\n<ol><li><p>Coaches should assess the threat of lighting and weather at the start of the game. If lightning is present, the game should be called. Coaches may wait 15 minutes for passing storms then re-assess playing conditions.</p></li><li><p>Playoffs (if using 3rd party umpires): The umpire shall hold sole discretion as to stopping play due to weather. This is non-negotiable. The umpire may offer a 15 minute delay for passing storms and then re-assess.</p></li><li><p>All rain outs/cancellations should be reported as quickly as possible to the League Scheduler to ensure timely scheduling of make-up games.</p></li><li><p>All rain outs/cancellations should be made up unless otherwise approved by the League Board. Make-up games are to be scheduled upon agreement between the coaches and field availability confirmed by the League Scheduler.</p></li></ol>\n<p>&nbsp;</p>\n<p><strong>POST-GAME:</strong></p>\n<ol><li><p>Please respect the fields and take all trash, equipment, etc. with you when you leave.</p></li><li><p>Assigned teams should complete all required field work to help ensure quality playing conditions for those that follow.</p></li><li><p>The winning team is responsible for reporting scores to the League Director. Please provide teams that played, winning team(s), score and field location. This should be completed within 24 hours of game completion. Please comply as the League is trying to keep accurate and timely records.</p></li></ol>\n<p><br />&nbsp;</p>\n<h2 style=\"font-style:italic\"><strong>NOTE: Any rule may be changed, omitted, or amended by a meeting called by the League Board.</strong></h2>\n<div>&nbsp;</div>');





CREATE TABLE `scores` (
  `id` int(11) NOT NULL,
  `user` int(11) NOT NULL,
  `game` int(11) NOT NULL,
  `matchid` int(11) NOT NULL,
  `date` timestamp NOT NULL DEFAULT current_timestamp()
) ENGINE=InnoDB DEFAULT CHARSET=latin1;



INSERT INTO `scores` (`id`, `user`, `game`, `matchid`, `date`) VALUES
(1, 1, 4, 1, '2017-05-10 14:47:21'),
(2, 1, 4, 2, '2017-05-10 14:47:36'),
(3, 1, 1, 1, '2017-05-10 14:48:06'),
(4, 1, 1, 2, '2017-05-10 14:48:18'),
(5, 1, 1, 2, '2017-05-10 14:48:23'),
(6, 1, 2, 1, '2017-05-10 14:50:06'),
(7, 1, 2, 2, '2017-05-10 14:50:32'),
(8, 1, 3, 1, '2017-05-10 14:52:09'),
(9, 1, 3, 2, '2017-05-10 14:52:32'),
(10, 1, 8, 1, '2017-05-10 14:53:45'),
(11, 1, 8, 2, '2017-05-10 14:54:11'),
(12, 1, 5, 1, '2017-05-10 15:54:54'),
(13, 1, 5, 2, '2017-05-10 15:55:14'),
(14, 1, 10, 1, '2017-05-15 13:41:03'),
(15, 1, 10, 2, '2017-05-15 13:41:17'),
(16, 4, 14, 1, '2017-05-16 00:40:46'),
(17, 4, 14, 2, '2017-05-16 00:40:56'),
(18, 1, 15, 1, '2017-05-17 13:24:57'),
(19, 1, 15, 2, '2017-05-17 13:25:21'),
(20, 1, 16, 1, '2017-05-17 13:28:22'),
(21, 1, 16, 2, '2017-05-17 13:28:51'),
(22, 1, 18, 1, '2017-05-17 13:29:37'),
(23, 1, 18, 2, '2017-05-17 13:29:53'),
(24, 1, 13, 1, '2017-05-17 13:30:26'),
(25, 1, 13, 2, '2017-05-17 13:30:40'),
(26, 1, 17, 1, '2017-05-17 13:31:39'),
(27, 1, 17, 2, '2017-05-17 13:31:55'),
(28, 1, 11, 2, '2017-05-17 21:00:25'),
(29, 1, 11, 1, '2017-05-17 21:00:27'),
(30, 1, 12, 1, '2017-05-19 04:05:12'),
(31, 1, 12, 2, '2017-05-19 04:05:28'),
(32, 1, 19, 1, '2017-05-19 04:06:38'),
(33, 1, 19, 2, '2017-05-19 04:06:48'),
(34, 4, 24, 1, '2017-05-23 01:12:25'),
(35, 4, 24, 2, '2017-05-23 01:12:38'),
(36, 1, 29, 2, '2017-05-24 17:10:34'),
(37, 1, 29, 1, '2017-05-24 17:10:36'),
(38, 1, 26, 2, '2017-05-24 17:11:52'),
(39, 1, 26, 1, '2017-05-24 17:12:01'),
(40, 1, 23, 1, '2017-05-24 17:14:38'),
(41, 1, 23, 2, '2017-05-24 17:14:41'),
(42, 1, 21, 1, '2017-05-24 17:16:16'),
(43, 1, 21, 2, '2017-05-24 17:16:18'),
(44, 1, 25, 2, '2017-05-24 17:17:01'),
(45, 1, 25, 1, '2017-05-24 17:17:03'),
(46, 1, 28, 2, '2017-05-24 17:18:07'),
(47, 1, 28, 1, '2017-05-24 17:18:10'),
(48, 1, 22, 1, '2017-05-24 17:19:26'),
(49, 1, 22, 2, '2017-05-24 17:19:29'),
(50, 1, 20, 1, '2017-05-24 17:21:09'),
(51, 1, 20, 2, '2017-05-24 17:21:25'),
(52, 4, 34, 1, '2017-06-06 01:25:53'),
(53, 4, 34, 2, '2017-06-06 01:26:02'),
(54, 1, 30, 1, '2017-06-10 11:47:58'),
(55, 1, 30, 2, '2017-06-10 11:50:14'),
(56, 1, 32, 1, '2017-06-13 17:22:59'),
(57, 1, 32, 2, '2017-06-13 17:23:08'),
(58, 1, 40, 2, '2017-06-13 17:24:22'),
(59, 1, 40, 1, '2017-06-13 17:24:24'),
(60, 1, 39, 2, '2017-06-13 17:25:25'),
(61, 1, 39, 1, '2017-06-13 17:25:27'),
(62, 1, 35, 1, '2017-06-13 17:27:04'),
(63, 1, 35, 2, '2017-06-13 17:27:06'),
(64, 1, 38, 1, '2017-06-13 17:28:03'),
(65, 1, 38, 2, '2017-06-13 17:28:21'),
(66, 1, 31, 1, '2017-06-13 17:31:34'),
(67, 1, 31, 2, '2017-06-13 17:31:46'),
(68, 1, 33, 1, '2017-06-13 17:34:08'),
(69, 1, 33, 2, '2017-06-13 17:34:18'),
(70, 33, 45, 1, '2017-06-13 17:52:12'),
(71, 33, 45, 2, '2017-06-13 17:52:22'),
(72, 19, 41, 1, '2017-06-13 18:23:37'),
(73, 19, 41, 2, '2017-06-13 18:23:49'),
(74, 23, 7, 1, '2017-06-13 18:39:30'),
(75, 23, 7, 2, '2017-06-13 18:39:42'),
(76, 23, 27, 1, '2017-06-13 18:39:54'),
(77, 23, 27, 1, '2017-06-13 18:39:54'),
(78, 23, 27, 2, '2017-06-13 18:40:05'),
(79, 23, 37, 1, '2017-06-13 18:41:00'),
(80, 23, 37, 2, '2017-06-13 18:41:15'),
(81, 25, 42, 1, '2017-06-13 20:40:58'),
(82, 25, 42, 2, '2017-06-13 20:41:07'),
(83, 25, 6, 1, '2017-06-13 20:42:29'),
(84, 25, 6, 2, '2017-06-13 20:42:39'),
(85, 26, 47, 1, '2017-06-14 00:51:45'),
(86, 26, 47, 2, '2017-06-14 00:51:59'),
(87, 36, 50, 1, '2017-06-14 01:31:54'),
(88, 36, 50, 2, '2017-06-14 01:32:02'),
(89, 20, 46, 1, '2017-06-14 17:15:05'),
(90, 20, 46, 2, '2017-06-14 17:15:18'),
(91, 34, 49, 1, '2017-06-14 17:33:30'),
(92, 34, 49, 2, '2017-06-14 17:33:44'),
(93, 35, 9, 1, '2017-06-19 04:50:41'),
(94, 35, 9, 2, '2017-06-19 04:51:05'),
(95, 29, 48, 1, '2017-06-19 11:45:15'),
(96, 29, 48, 2, '2017-06-19 11:45:28'),
(97, 26, 52, 1, '2017-06-19 23:34:16'),
(98, 26, 52, 2, '2017-06-20 00:49:30'),
(99, 4, 53, 1, '2017-06-20 00:54:28'),
(100, 4, 53, 2, '2017-06-20 00:54:39'),
(101, 1, 36, 1, '2017-06-20 05:09:43'),
(102, 1, 36, 2, '2017-06-20 05:09:47'),
(103, 1, 44, 1, '2017-06-20 05:11:31'),
(104, 1, 44, 2, '2017-06-20 05:11:34'),
(105, 1, 43, 1, '2017-06-20 05:12:34'),
(106, 1, 43, 2, '2017-06-20 05:12:36'),
(107, 32, 54, 1, '2017-06-20 12:04:57'),
(108, 32, 54, 2, '2017-06-20 12:05:48'),
(109, 19, 51, 1, '2017-06-20 16:01:31'),
(110, 19, 51, 2, '2017-06-20 16:01:51'),
(111, 20, 55, 1, '2017-06-21 01:36:39'),
(112, 20, 55, 2, '2017-06-21 01:36:52'),
(113, 36, 60, 1, '2017-06-23 00:56:03'),
(114, 36, 60, 2, '2017-06-23 00:56:12'),
(115, 27, 59, 1, '2017-06-23 01:35:56'),
(116, 27, 59, 2, '2017-06-23 01:36:09'),
(117, 21, 56, 1, '2017-06-26 13:49:20'),
(118, 21, 56, 2, '2017-06-26 13:49:37'),
(119, 28, 57, 1, '2017-06-26 20:00:10'),
(120, 28, 57, 2, '2017-06-26 20:00:25'),
(121, 34, 58, 1, '2017-06-26 20:31:43'),
(122, 34, 58, 2, '2017-06-26 20:31:58'),
(123, 28, 63, 1, '2017-06-27 00:45:54'),
(124, 28, 63, 2, '2017-06-27 00:46:24'),
(125, 21, 62, 1, '2017-06-27 00:48:12'),
(126, 21, 62, 2, '2017-06-27 00:48:24'),
(127, 30, 64, 1, '2017-06-27 12:07:17'),
(128, 30, 64, 2, '2017-06-27 12:07:35'),
(129, 33, 65, 1, '2017-06-27 14:04:16'),
(130, 33, 65, 2, '2017-06-27 14:04:24'),
(131, 26, 67, 1, '2017-06-27 23:32:53'),
(132, 26, 67, 2, '2017-06-28 00:31:03'),
(133, 36, 69, 1, '2017-06-28 01:47:06'),
(134, 36, 69, 2, '2017-06-28 01:47:16'),
(135, 20, 66, 1, '2017-06-28 14:24:48'),
(136, 20, 66, 2, '2017-06-28 14:25:02'),
(137, 32, 68, 1, '2017-06-29 16:31:28'),
(138, 32, 68, 2, '2017-06-29 16:32:00'),
(139, 29, 70, 1, '2017-06-30 12:01:52'),
(140, 29, 70, 2, '2017-06-30 12:02:06'),
(141, 1, 7, 1, '2017-07-03 12:54:35'),
(142, 1, 61, 1, '2017-07-03 13:11:27'),
(143, 1, 61, 2, '2017-07-03 13:11:36'),
(144, 1, 7, 1, '2017-07-05 18:32:43'),
(145, 1, 7, 2, '2017-07-05 18:32:55'),
(146, 2, 1, 1, '2017-07-22 22:54:48'),
(147, 2, 1, 1, '2018-03-13 16:54:19'),
(148, 2, 1, 1, '2018-03-13 16:54:29'),
(149, 2, 1, 1, '2018-03-13 16:54:41'),
(150, 2, 1, 1, '2018-03-13 16:56:31');





CREATE TABLE `seasons` (
  `id` int(11) NOT NULL,
  `start` date NOT NULL,
  `end` date NOT NULL,
  `games` longtext COLLATE latin1_general_ci NOT NULL,
  `teams` longtext COLLATE latin1_general_ci NOT NULL
) ENGINE=MyISAM DEFAULT CHARSET=latin1 COLLATE=latin1_general_ci;



INSERT INTO `seasons` (`id`, `start`, `end`, `games`, `teams`) VALUES
(1, '2017-05-08', '2017-08-01', '[]', '[]'),
(2, '2017-08-01', '2019-02-20', '[]', '[]'),
(3, '2019-04-30', '2020-02-06', '[]', '[]'),
(4, '2020-05-21', '0001-01-01', '[]', '[]');





CREATE TABLE `teams` (
  `id` int(11) NOT NULL,
  `teamname` tinytext NOT NULL,
  `coach` tinytext NOT NULL,
  `points` int(11) NOT NULL,
  `crd` int(11) NOT NULL,
  `division` char(1) NOT NULL,
  `orgname` tinytext NOT NULL,
  `orgphone` tinytext NOT NULL,
  `orgaddr` tinytext NOT NULL,
  `layname` tinytext NOT NULL,
  `layphone` tinytext NOT NULL,
  `layemail` tinytext NOT NULL,
  `tpcontent` longtext NOT NULL,
  `tpimg` tinytext NOT NULL,
  `tpslogan` tinytext NOT NULL
) ENGINE=InnoDB DEFAULT CHARSET=latin1;



INSERT INTO `teams` (`id`, `teamname`, `coach`, `points`, `crd`, `division`, `orgname`, `orgphone`, `orgaddr`, `layname`, `layphone`, `layemail`, `tpcontent`, `tpimg`, `tpslogan`) VALUES
(2, 'Radiant Life', '[26]', 0, 0, 'A', 'Radiant Life Church', '3178673880', '16162 Carey Rd, 46074', 'Jerome Sack', '4632104561', 'jerome@radiantchristianlife.org', '<p>Content here</p>', 'https://www.northsidechristiansoftball.com/images/teams/2/268x0w.png', ''),
(3, 'Faith', '[181]', 0, 0, 'B', 'Faith Church', '3178481541', '9125 College Ave, 46240', 'Joey Woestman', '3178481541', 'joey@faithliveitout.org', '<p>Content here</p>', '', ''),
(4, 'Northview 2', '[]', 0, 0, 'C', 'Northview Church', '3178462884', '12900 Hazel Dell Pkwy, 46032', 'Jim McGowan', '3173457978', 'jim.mcgowan@n2pub.com', '<p>Content here</p>', '', ''),
(5, 'Crossroads 3', '[4,495]', 0, 0, 'C', 'Crossroads Community Church', '3174852175', '14885 Southeastern Pkwy', 'Laurel Dean', '317-523-4421', 'graceandcleats@crossroadspca.org', '<p>Team page for CCC 3.&nbsp;</p>', 'https://www.northsidechristiansoftball.com/images/teams/5/DSC_0022.JPG', 'Live & Compete for the Glory of God'),
(7, 'Epiphany', '[]', 0, 0, 'C', 'Epiphany Lutheran Church', '3178153884', '15605 Ditch Rd, 46074', 'Sarah Thieke', '3178153884', 'sarah.thieke@ephiphanylcms.org', '<p>Content here</p>', '', ''),
(8, 'Refuge', '[37]', 0, 0, 'C', 'Refuge Christian Church', '3177733475', '11772 E 196th St, 46060', 'Mo Guyer', '3176051065', 'mguyer@beckshybrids.com', '<p>Content here</p>', 'https://www.northsidechristiansoftball.com/images/teams/8/REFUGE%20-%20Believe...Repent...Confess...Baptize.png', ' Church League Softball - Fellowship & Fun'),
(9, 'Harvest 1', '[79]', 0, 0, 'C', 'Harvest North Indy', '3179007200', '14550 River Road, 46033', 'Dave Putnam', '8153476834', 'dputnam@harvestnorthindy.org', '', '', ''),
(11, 'Crossroads 1', '[20]', 0, 0, 'A', 'Crossroads Community Church', '3174852175', '14885 Southeastern Pkwy', 'Laurel Dean', '317-523-4421', 'graceandcleats@crossroadspca.org', '<p>Content here</p>', '', ''),
(12, 'Northview 3', '[25]', 0, 0, 'C', 'Northview Church', '3178462884', '12900 Hazel Dell Pkwy, 46032', 'Jim McGowan', '3173457978', 'jim.mcgowan@n2pub.com', '<p>Content here</p>', '', ''),
(13, 'Hamilton Hills', '[494]', 2, 0, 'B', 'Hamilton Hills Church', '3175770746', '10291 E 126th St, 46038', 'Need Contact', '111-111-1111', 'needcontact@gmail.com', '<p>Content here</p>', 'https://www.northsidechristiansoftball.com/images/teams/13/DSC02087.JPG', 'Everyone dies, but not everyone really lives'),
(14, 'Northview 1', '[23]', 0, 0, 'A', 'Northview Church', '5', '5', '5', '5', '5', '<p>Content here</p>', '', '#4peat'),
(15, 'Crosspoint', '[28]', 0, 0, 'B', 'Crosspoint', '3172841281', '13678 Silverstone Dr, 46037', 'Chris Maloney', '3172841281', 'chris@crosspointweb.org', '<p>Content here</p>', '', ''),
(17, 'Harvest 2', '[34]', 0, 0, 'A', 'Harvest North Indy', '3179007200', '14550 River Road, 46033', 'Dave Putnam', '8143476834', 'dputnam@harvestnorthindy.org', '<p>Content here</p>', '', ''),
(18, 'Mercy Road', '[35]', 0, 0, 'C', 'Mercy Road', '2381 Pointe Parkway, 46032', '3175690827', 'Mark', 'Talamantes', 'm-talamantes09@hotmail.com', '', '', ''),
(19, 'Church at the Crossing', '[27,218]', 0, 0, 'A', 'Church at the Crossing', '3178449355', '9111 Haverstick Road, 46240', 'Tim Lucas', '3178449355', 'tlucas@golove.org', '<ul><li>Church at the Crossing</li></ul>\n<p>&nbsp;</p>', 'https://www.northsidechristiansoftball.com/images/teams/19/Picture1%20copy.jpg', 'James - TWO-FIVE  Boombers - Jeffrey K Lockhart'),
(21, 'Trinity', '[234]', 0, 0, 'C', 'Trinity Church', '3178499576', '9709 Allisonville Rd, 46250', 'Marcus DePeal', '7247144947', 'mdepeal@encountertrinity.com', '<p>Content here</p>', '', ''),
(26, 'Cornerstone 1', '[82]', 0, 0, 'A', 'Cornerstone Lutheran Church', '3178144252', '4850 E Main Street, 46033', 'Max Murphy', '3177303114', 'mmurphy@cornerstonelutheran.church', '', '', ''),
(27, 'Harvest 3', '[80]', 0, 0, 'C', 'Harvest North Indy', '3179007200', '14550 River Road, 46033', 'Dave Putnam', '8153476834', 'dputnam@harvestnorthindy.org', '<p>Harvest Bible Chapel Team 3</p>\n<p><strong>https://harvestnorthindy.org/</strong></p>', 'https://www.northsidechristiansoftball.com/images/teams/27/Mens%20Baseball%20-%20logo-01.png', 'Harvest 3 '),
(28, 'Cornerstone 2', '[83]', 0, 0, 'B', 'Cornerstone Lutheran Church', '3178144252', '4850 E Main Street, 46033', 'Max Murphy', '3177303114', 'mmurphy@cornerstonelutheran.church', '', '', ''),
(29, 'Castleton', '[236,237]', 0, 0, 'B', 'Castleton Christian Church', '317-849-2650', '7214 Hague Rd. Indianapolis, IN 46256', 'Jarrett Samuels', '317-849-2650', 'jarrettsamuels@gmail.com', '<p>Content here</p>', '', ''),
(31, 'District 13', '[235]', 2, 0, 'B', 'The District Church', '615-416-5324', '2201 E  46th Street, Indianapolis, IN 46205', 'Josh Gonzalez', '954-536-5167', 'josh@thedistrict.church', '', '', ''),
(32, 'Restoration', '[238]', 0, 0, 'C', 'Restoration Church', '317-828-9478', '772 N 10th Street, Noblesville, IN 46060', 'Matt Brewer', '317-828-9478', 'matt@restoration.community', '<p>Content here</p>', 'https://www.northsidechristiansoftball.com/images/teams/32/restoration+logo+black+horizontal.png', ''),
(33, 'Pennington Park', '[492,493]', 0, 0, 'C', 'Pennington Park', '317-827-8101', '13222 E 126th St.,  Fishers, IN 46037', 'Tim Lukasiewicz', '720-341-2247', 'tdlukasiewicz@gmail.com', '', '', '');





CREATE TABLE `users` (
  `id` int(11) NOT NULL,
  `username` varchar(16) NOT NULL,
  `password` char(32) NOT NULL,
  `email` tinytext NOT NULL,
  `phone` char(12) NOT NULL,
  `rank` varchar(6) NOT NULL,
  `team` int(11) NOT NULL,
  `nickname` varchar(25) NOT NULL,
  `fname` tinytext NOT NULL,
  `lname` tinytext NOT NULL,
  `prefernick` tinyint(1) NOT NULL,
  `haswaiver` tinyint(4) NOT NULL,
  `teamposition` text NOT NULL
) ENGINE=InnoDB DEFAULT CHARSET=latin1;



INSERT INTO `users` (`id`, `username`, `password`, `email`, `phone`, `rank`, `team`, `nickname`, `fname`, `lname`, `prefernick`, `haswaiver`, `teamposition`) VALUES
(1, 'admin', 'fe01ce2a7fbac8fafaed7c982a04e229', 'some_email@domain.com', '123-456-7890', 'Admin', 0, '', 'Demo', 'Admin', 0, 0, '[]'),
(2, 'kn0xy', 'fe01ce2a7fbac8fafaed7c982a04e229', 'some_email@domain.com', '123-456-7890', 'Admin', 0, 'Knoxy', 'Tyler', 'Knox', 1, 0, '[]'),
(4, 'coach', 'fe01ce2a7fbac8fafaed7c982a04e229', 'some_email@domain.com', '123-456-7890', 'Coach', 5, '', 'Demo', 'Coach', 0, 3, '[]'),
(8, 'tharris', 'fe01ce2a7fbac8fafaed7c982a04e229', 'some_email@domain.com', '123-456-7890', 'Player', 5, '', 'Treg', 'Harris', 0, 0, '[]'),
(20, 'Pete Ringenberg', 'fe01ce2a7fbac8fafaed7c982a04e229', 'some_email@domain.com', '123-456-7890', 'Coach', 11, '', 'Pete', 'Ringenberg', 0, 3, '[]'),
(23, 'jim.mcgowan', 'fe01ce2a7fbac8fafaed7c982a04e229', 'some_email@domain.com', '123-456-7890', 'Coach', 14, '', 'Jim', 'McGowan', 0, 3, '[]'),
(25, 'klambert240', 'fe01ce2a7fbac8fafaed7c982a04e229', 'some_email@domain.com', '123-456-7890', 'Coach', 12, '', 'Kevin', 'Lambert', 0, 0, '[]'),
(26, 'cdurbin1', 'fe01ce2a7fbac8fafaed7c982a04e229', 'some_email@domain.com', '123-456-7890', 'Coach', 2, '', 'Craig', 'Durbin', 0, 3, '[]'),
(27, 'jlockfish', 'fe01ce2a7fbac8fafaed7c982a04e229', 'some_email@domain.com', '123-456-7890', 'Coach', 19, 'Fishy', 'Jeffrey', 'Lockhart', 0, 3, '[]'),
(28, 'davidwarrencole', 'fe01ce2a7fbac8fafaed7c982a04e229', 'some_email@domain.com', '123-456-7890', 'Coach', 15, '', 'David', 'Cole', 0, 3, '[]'),
(34, 'jessedwilson', 'fe01ce2a7fbac8fafaed7c982a04e229', 'some_email@domain.com', '123-456-7890', 'Coach', 17, '', 'Jesse', 'Wilson', 0, 3, '[]'),
(35, 'derekmiller', 'fe01ce2a7fbac8fafaed7c982a04e229', 'some_email@domain.com', '123-456-7890', 'Coach', 18, '', 'Derek', 'Miller', 0, 0, '[]'),
(37, 'bakeman1957', 'fe01ce2a7fbac8fafaed7c982a04e229', 'some_email@domain.com', '123-456-7890', 'Coach', 8, '', 'George', 'Baker', 0, 3, '[]'),
(40, 'davebrown72', 'fe01ce2a7fbac8fafaed7c982a04e229', 'some_email@domain.com', '123-456-7890', 'Player', 2, '', 'David', 'Brown', 0, 1, '[\"Outfield\"]'),
(42, 'jricher', 'fe01ce2a7fbac8fafaed7c982a04e229', 'some_email@domain.com', '123-456-7890', 'Player', 15, '', 'Jake', 'Richer', 0, 0, '[\"3rdBase\"]'),
(43, 'jmcclellan', 'fe01ce2a7fbac8fafaed7c982a04e229', 'some_email@domain.com', '123-456-7890', 'Player', 15, '', 'James', 'McClellan', 0, 0, '[\"Pitcher\"]'),
(44, 'mschicker', 'fe01ce2a7fbac8fafaed7c982a04e229', 'some_email@domain.com', '123-456-7890', 'Player', 15, '', 'Matt', 'Schicker', 0, 0, '[\"1stBase\"]'),
(45, 'elyons', 'fe01ce2a7fbac8fafaed7c982a04e229', 'some_email@domain.com', '123-456-7890', 'Player', 15, 'Opie', 'Eric', 'Lyons', 1, 0, '[\"2ndBase\"]'),
(46, 'swehmeier', 'fe01ce2a7fbac8fafaed7c982a04e229', 'some_email@domain.com', '123-456-7890', 'Player', 15, '', 'Steve', 'Wehmeier', 0, 0, '[\"Catcher\"]'),
(47, 'lcole', 'fe01ce2a7fbac8fafaed7c982a04e229', 'some_email@domain.com', '123-456-7890', 'Player', 15, '', 'Larry', 'Cole', 0, 0, '[\"Outfield\"]'),
(48, 'mlowe', 'fe01ce2a7fbac8fafaed7c982a04e229', 'some_email@domain.com', '123-456-7890', 'Player', 15, '', 'Mike', 'Lowe', 0, 0, '[\"Outfield\"]'),
(49, 'tmadere', 'fe01ce2a7fbac8fafaed7c982a04e229', 'some_email@domain.com', '123-456-7890', 'Player', 15, '', 'Tyler', 'Madere', 0, 0, '[\"Shortstop\"]'),
(52, 'ejackson', 'fe01ce2a7fbac8fafaed7c982a04e229', 'some_email@domain.com', '123-456-7890', 'Player', 15, '', 'Ed', 'Jackson', 0, 0, '[\"Outfield\"]'),
(53, 'jwhite', 'fe01ce2a7fbac8fafaed7c982a04e229', 'some_email@domain.com', '123-456-7890', 'Player', 15, '', 'Josh', 'White', 0, 0, '[\"Pitcher\"]'),
(54, 'jtoombs', 'fe01ce2a7fbac8fafaed7c982a04e229', 'some_email@domain.com', '123-456-7890', 'Player', 15, '', 'Justin', 'Toombs', 0, 0, '[\"Outfield\"]'),
(56, 'dlong', 'fe01ce2a7fbac8fafaed7c982a04e229', 'some_email@domain.com', '123-456-7890', 'Player', 15, '', 'Darren', 'Long', 0, 0, '[\"Outfield\"]'),
(72, 'DavidC', 'fe01ce2a7fbac8fafaed7c982a04e229', 'some_email@domain.com', '123-456-7890', 'Player', 5, '', 'David', 'Clark', 0, 0, '[\"Pitcher\",\"Outfield\"]'),
(79, 'cbullock7558', 'fe01ce2a7fbac8fafaed7c982a04e229', 'some_email@domain.com', '123-456-7890', 'Coach', 9, '', 'Caleb', 'Bullock', 0, 0, '[]'),
(80, 'dputnam', 'fe01ce2a7fbac8fafaed7c982a04e229', 'some_email@domain.com', '123-456-7890', 'Coach', 27, '', 'Dave', 'Putnam', 0, 0, '[]'),
(82, 'kevin.wagner87', 'fe01ce2a7fbac8fafaed7c982a04e229', 'some_email@domain.com', '123-456-7890', 'Coach', 26, '', 'Kevin', 'Wagner', 0, 3, '[]'),
(83, 'mike.knotts', 'fe01ce2a7fbac8fafaed7c982a04e229', 'some_email@domain.com', '123-456-7890', 'Coach', 28, '', 'Mike', 'Knotts', 0, 3, '[]'),
(84, 'Aaronsmth86', 'fe01ce2a7fbac8fafaed7c982a04e229', 'some_email@domain.com', '123-456-7890', 'Player', 2, 'A Money', 'Aaron', 'Smith', 0, 0, '[\"2ndBase\",\"Catcher\",\"3rdBase\",\"Shortstop\",\"Outfield\"]'),
(85, 'katink175', 'fe01ce2a7fbac8fafaed7c982a04e229', 'some_email@domain.com', '123-456-7890', 'Player', 2, '', 'Adam', 'Tinker', 0, 0, '[\"1stBase\",\"Pitcher\",\"Catcher\"]'),
(87, 'norris14', 'fe01ce2a7fbac8fafaed7c982a04e229', 'some_email@domain.com', '123-456-7890', 'Player', 2, 'Chuck Norris', 'Brian', 'Norris', 0, 1, '[\"1stBase\",\"Outfield\"]'),
(89, 'chriss', 'fe01ce2a7fbac8fafaed7c982a04e229', 'some_email@domain.com', '123-456-7890', 'Player', 2, '', 'Chris', 'Steininger', 0, 1, '[\"1stBase\",\"Pitcher\",\"Outfield\"]'),
(90, 'easbrown02', 'fe01ce2a7fbac8fafaed7c982a04e229', 'some_email@domain.com', '123-456-7890', 'Player', 2, '', 'Ethan', 'Brown', 0, 1, '[\"2ndBase\",\"Catcher\",\"Outfield\"]'),
(91, 'jadewest', 'fe01ce2a7fbac8fafaed7c982a04e229', 'some_email@domain.com', '123-456-7890', 'Player', 2, '', 'Jade', 'West', 0, 1, '[\"Shortstop\"]'),
(92, 'marckramer1121', 'fe01ce2a7fbac8fafaed7c982a04e229', 'some_email@domain.com', '123-456-7890', 'Player', 2, '', 'Marc', 'Kramer', 0, 1, '[\"1stBase\",\"Pitcher\",\"2ndBase\",\"Catcher\",\"3rdBase\"]'),
(93, 'matthewephillips', 'fe01ce2a7fbac8fafaed7c982a04e229', 'some_email@domain.com', '123-456-7890', 'Player', 2, '', 'Matt', 'Phillips', 0, 1, '[\"1stBase\",\"2ndBase\",\"Catcher\",\"3rdBase\",\"Shortstop\",\"Outfield\"]'),
(98, 'mdmattingly', 'fe01ce2a7fbac8fafaed7c982a04e229', 'some_email@domain.com', '123-456-7890', 'Player', 2, '', 'Mark', 'Mattingly', 0, 1, '[\"1stBase\",\"2ndBase\",\"3rdBase\",\"Shortstop\",\"Outfield\"]'),
(101, 'Thistle', 'fe01ce2a7fbac8fafaed7c982a04e229', 'some_email@domain.com', '123-456-7890', 'Player', 13, '', 'Matt', 'Thistle', 0, 1, '[\"Outfield\"]'),
(105, 'Clements', 'fe01ce2a7fbac8fafaed7c982a04e229', 'some_email@domain.com', '123-456-7890', 'Player', 13, '', 'Greg', 'Clements', 0, 1, '[\"2ndBase\",\"Shortstop\"]'),
(106, 'Rice', 'fe01ce2a7fbac8fafaed7c982a04e229', 'some_email@domain.com', '123-456-7890', 'Player', 13, '', 'Jeb', 'Rice', 0, 0, '[\"Pitcher\"]'),
(109, 'Nigh', 'fe01ce2a7fbac8fafaed7c982a04e229', 'some_email@domain.com', '123-456-7890', 'Player', 13, '', 'Chris', 'Nigh', 0, 1, '[\"1stBase\",\"Pitcher\"]'),
(110, 'Ulrey', 'fe01ce2a7fbac8fafaed7c982a04e229', 'some_email@domain.com', '123-456-7890', 'Player', 13, '', 'Zach', 'Ulrey', 0, 1, '[\"1stBase\",\"Outfield\"]'),
(111, 'Davis', 'fe01ce2a7fbac8fafaed7c982a04e229', 'some_email@domain.com', '123-456-7890', 'Player', 13, '', 'Matt', 'Davis', 0, 1, '[\"Shortstop\"]'),
(115, 'mikeroth20.2', 'fe01ce2a7fbac8fafaed7c982a04e229', 'some_email@domain.com', '123-456-7890', 'Player', 26, '', 'Mike', 'Roth', 0, 0, '[]'),
(117, 'jbeyer', 'fe01ce2a7fbac8fafaed7c982a04e229', 'some_email@domain.com', '123-456-7890', 'Player', 26, '', 'John', 'Beyer', 0, 1, '[]'),
(119, 'chrispy2230', 'fe01ce2a7fbac8fafaed7c982a04e229', 'some_email@domain.com', '123-456-7890', 'Player', 26, '', 'Chris', 'Poland', 0, 0, '[]'),
(120, 'm3vsmith', 'fe01ce2a7fbac8fafaed7c982a04e229', 'some_email@domain.com', '123-456-7890', 'Player', 26, '', 'Mike', 'Smith', 0, 0, '[]'),
(122, 'nick.vandergrift', 'fe01ce2a7fbac8fafaed7c982a04e229', 'some_email@domain.com', '123-456-7890', 'Player', 26, '', 'Nick', 'Vandergrift', 0, 0, '[]'),
(123, 'alan.gehring', 'fe01ce2a7fbac8fafaed7c982a04e229', 'some_email@domain.com', '123-456-7890', 'Player', 26, '', 'Al', 'Gehring', 0, 1, '[]'),
(126, 'danielbrunette', 'fe01ce2a7fbac8fafaed7c982a04e229', 'some_email@domain.com', '123-456-7890', 'Player', 26, '', 'Daniel', 'Brunette', 0, 0, '[]'),
(128, 'kfredricks', 'fe01ce2a7fbac8fafaed7c982a04e229', 'some_email@domain.com', '123-456-7890', 'Player', 27, '', 'Kyle', 'Fredricks', 0, 0, '[\"Outfield\"]'),
(144, 'dhaney', 'fe01ce2a7fbac8fafaed7c982a04e229', 'some_email@domain.com', '123-456-7890', 'Player', 28, '', 'Doug', 'Haney', 0, 1, '[\"Pitcher\"]'),
(147, 'jreink1003', 'fe01ce2a7fbac8fafaed7c982a04e229', 'some_email@domain.com', '123-456-7890', 'Player', 28, '', 'Jonathan', 'Reinking', 0, 0, '[\"Outfield\"]'),
(151, 'mpritchard', 'fe01ce2a7fbac8fafaed7c982a04e229', 'some_email@domain.com', '123-456-7890', 'Player', 28, '', 'Matthew', 'Pritchard', 0, 0, '[\"Shortstop\"]'),
(156, 'Berb', 'fe01ce2a7fbac8fafaed7c982a04e229', 'some_email@domain.com', '123-456-7890', 'Player', 27, '', 'Brock', 'Erb', 0, 0, '[\"3rdBase\",\"Shortstop\"]'),
(157, 'Jgotsis', 'fe01ce2a7fbac8fafaed7c982a04e229', 'some_email@domain.com', '123-456-7890', 'Player', 27, '', 'John', 'Gotsis', 0, 0, '[\"1stBase\",\"3rdBase\",\"Outfield\"]'),
(158, 'Tgoff', 'fe01ce2a7fbac8fafaed7c982a04e229', 'some_email@domain.com', '123-456-7890', 'Player', 27, '', 'Tyler', 'Goff', 0, 0, '[\"3rdBase\",\"Shortstop\",\"Outfield\"]'),
(159, 'Stobin', 'fe01ce2a7fbac8fafaed7c982a04e229', 'some_email@domain.com', '123-456-7890', 'Player', 27, '', 'Stacy', 'Tobin', 0, 0, '[\"2ndBase\",\"Outfield\"]'),
(163, 'Bdavis', 'fe01ce2a7fbac8fafaed7c982a04e229', 'some_email@domain.com', '123-456-7890', 'Player', 27, '', 'Brady', 'Davis', 0, 0, '[\"2ndBase\",\"Catcher\"]'),
(164, 'Sgotwals', 'fe01ce2a7fbac8fafaed7c982a04e229', 'some_email@domain.com', '123-456-7890', 'Player', 27, '', 'Steve', 'Gotwals', 0, 0, '[\"2ndBase\",\"3rdBase\",\"Outfield\"]'),
(166, 'Mbullard', 'fe01ce2a7fbac8fafaed7c982a04e229', 'some_email@domain.com', '123-456-7890', 'Player', 27, '', 'Mike', 'Bullard', 0, 0, '[\"1stBase\",\"Outfield\"]'),
(167, 'David302', 'fe01ce2a7fbac8fafaed7c982a04e229', 'some_email@domain.com', '123-456-7890', 'Player', 27, '', 'Dave', 'Putnam', 0, 0, '[\"Pitcher\"]'),
(171, 'casmith32', 'fe01ce2a7fbac8fafaed7c982a04e229', 'some_email@domain.com', '123-456-7890', 'Player', 17, '', 'Chad', 'Smith', 0, 0, '[\"3rdBase\"]'),
(173, 'mstrother', 'fe01ce2a7fbac8fafaed7c982a04e229', 'some_email@domain.com', '123-456-7890', 'Player', 17, '', 'Martin', 'Strother', 0, 1, '[\"Shortstop\"]'),
(174, 'mabbott5', 'fe01ce2a7fbac8fafaed7c982a04e229', 'some_email@domain.com', '123-456-7890', 'Player', 17, '', 'Micah', 'Abbott', 0, 0, '[\"Pitcher\"]'),
(175, 'mparent06', 'fe01ce2a7fbac8fafaed7c982a04e229', 'some_email@domain.com', '123-456-7890', 'Player', 17, '', 'Mike', 'Parent', 0, 0, '[\"Outfield\"]'),
(176, 'nick', 'fe01ce2a7fbac8fafaed7c982a04e229', 'some_email@domain.com', '123-456-7890', 'Player', 17, '', 'Nick', 'Gapinski', 0, 0, '[\"1stBase\"]'),
(177, 'ryanade_99', 'fe01ce2a7fbac8fafaed7c982a04e229', 'some_email@domain.com', '123-456-7890', 'Player', 17, '', 'Ryan', 'Ade', 0, 0, '[\"Outfield\"]'),
(179, 'sethpaladin', 'fe01ce2a7fbac8fafaed7c982a04e229', 'some_email@domain.com', '123-456-7890', 'Player', 17, '', 'Seth', 'Paladin', 0, 1, '[\"Outfield\"]'),
(181, 'kwin0317', 'fe01ce2a7fbac8fafaed7c982a04e229', 'some_email@domain.com', '123-456-7890', 'Coach', 3, '', 'Keith', 'Winiger', 0, 3, '[]'),
(186, 'marcusmanges', 'fe01ce2a7fbac8fafaed7c982a04e229', 'some_email@domain.com', '123-456-7890', 'Player', 14, '', 'Marcus', 'Manges', 0, 0, '[\"Pitcher\",\"Outfield\"]'),
(187, 'thomasstephens', 'fe01ce2a7fbac8fafaed7c982a04e229', 'some_email@domain.com', '123-456-7890', 'Player', 14, '', 'Thomas', 'Stephens', 0, 1, '[\"Pitcher\",\"Outfield\"]'),
(188, 'rickwagner', 'fe01ce2a7fbac8fafaed7c982a04e229', 'some_email@domain.com', '123-456-7890', 'Player', 14, '', 'Rick', 'Wagner', 0, 0, '[\"Outfield\"]'),
(189, 'jeffkraus', 'fe01ce2a7fbac8fafaed7c982a04e229', 'some_email@domain.com', '123-456-7890', 'Player', 14, '', 'Jeff', 'Kraus', 0, 1, '[\"1stBase\",\"Outfield\"]'),
(191, 'brettwiggins', 'fe01ce2a7fbac8fafaed7c982a04e229', 'some_email@domain.com', '123-456-7890', 'Player', 14, '', 'Brett', 'Wiggins', 0, 0, '[\"Catcher\"]'),
(192, 'randykinnett', 'fe01ce2a7fbac8fafaed7c982a04e229', 'some_email@domain.com', '123-456-7890', 'Player', 14, '', 'Randy', 'Kinnett', 0, 0, '[\"1stBase\",\"3rdBase\"]'),
(194, 'spencerrackley', 'fe01ce2a7fbac8fafaed7c982a04e229', 'some_email@domain.com', '123-456-7890', 'Player', 14, '', 'Spencer', 'Rackley', 0, 0, '[\"Outfield\"]'),
(196, 'chrisgipson', 'fe01ce2a7fbac8fafaed7c982a04e229', 'some_email@domain.com', '123-456-7890', 'Player', 14, '', 'Chris', 'Gipson', 0, 1, '[\"2ndBase\",\"Catcher\",\"3rdBase\",\"Outfield\"]'),
(201, 'KYQUAKENBUSH', 'fe01ce2a7fbac8fafaed7c982a04e229', 'some_email@domain.com', '123-456-7890', 'Player', 8, '', 'Kyle', 'Quakenbush', 0, 1, '[\"Outfield\"]'),
(202, 'MOGUYER', 'fe01ce2a7fbac8fafaed7c982a04e229', 'some_email@domain.com', '123-456-7890', 'Player', 8, '', 'Mo', 'Guyer', 0, 1, '[\"Pitcher\",\"Outfield\"]'),
(204, 'FRSUGG', 'fe01ce2a7fbac8fafaed7c982a04e229', 'some_email@domain.com', '123-456-7890', 'Player', 8, '', 'Fred', 'Sugg', 0, 1, '[\"Outfield\"]'),
(206, 'PACLINE', 'fe01ce2a7fbac8fafaed7c982a04e229', 'some_email@domain.com', '123-456-7890', 'Player', 8, 'Clutch', 'Pat', 'Cline', 0, 0, '[\"2ndBase\",\"3rdBase\"]'),
(209, 'STSUTTON', 'fe01ce2a7fbac8fafaed7c982a04e229', 'some_email@domain.com', '123-456-7890', 'Player', 8, '', 'Stan', 'Sutton', 0, 0, '[\"1stBase\",\"Catcher\"]'),
(210, 'GRSUTTON', 'fe01ce2a7fbac8fafaed7c982a04e229', 'some_email@domain.com', '123-456-7890', 'Player', 8, '', 'Greg', 'Sutton', 0, 0, '[\"Pitcher\",\"2ndBase\",\"Outfield\"]'),
(211, 'ROBABB', 'fe01ce2a7fbac8fafaed7c982a04e229', 'some_email@domain.com', '123-456-7890', 'Player', 8, '', 'Rory', 'Babb', 0, 0, '[\"Shortstop\",\"Outfield\"]'),
(213, 'JOGUYER', 'fe01ce2a7fbac8fafaed7c982a04e229', 'some_email@domain.com', '123-456-7890', 'Player', 8, '', 'Josh', 'Guyer', 0, 1, '[\"Catcher\",\"Outfield\"]'),
(214, 'TOTHOMPSON', 'fe01ce2a7fbac8fafaed7c982a04e229', 'some_email@domain.com', '123-456-7890', 'Player', 8, '', 'Topher', 'Thompson', 0, 0, '[\"1stBase\"]'),
(215, 'NIBABB', 'fe01ce2a7fbac8fafaed7c982a04e229', 'some_email@domain.com', '123-456-7890', 'Player', 8, '', 'Nick', 'Babb', 0, 1, '[\"Outfield\"]'),
(216, 'PRMAXSON', 'fe01ce2a7fbac8fafaed7c982a04e229', 'some_email@domain.com', '123-456-7890', 'Player', 8, '', 'Pres', 'Maxson', 0, 1, '[\"Outfield\"]'),
(218, 'pufreak', 'fe01ce2a7fbac8fafaed7c982a04e229', 'some_email@domain.com', '123-456-7890', 'Coach', 19, '', 'Chad', 'Arnold', 0, 3, '[]'),
(219, 'uofl8086', 'fe01ce2a7fbac8fafaed7c982a04e229', 'some_email@domain.com', '123-456-7890', 'Player', 19, '', 'MICHAEL', 'SECHREST', 0, 0, '[\"1stBase\"]'),
(221, 'Hipskind', 'fe01ce2a7fbac8fafaed7c982a04e229', 'some_email@domain.com', '123-456-7890', 'Player', 13, '', 'Andrew', 'Hipskind', 0, 1, '[\"1stBase\",\"2ndBase\",\"Catcher\",\"Shortstop\"]'),
(223, 'Porto', 'fe01ce2a7fbac8fafaed7c982a04e229', 'some_email@domain.com', '123-456-7890', 'Player', 13, '', 'Steven', 'Porto', 0, 1, '[\"2ndBase\",\"3rdBase\",\"Shortstop\",\"Outfield\"]'),
(224, 'Kinning', 'fe01ce2a7fbac8fafaed7c982a04e229', 'some_email@domain.com', '123-456-7890', 'Player', 13, '', 'Zach', 'Kinning', 0, 1, '[\"1stBase\",\"Shortstop\"]'),
(225, 'powell', 'fe01ce2a7fbac8fafaed7c982a04e229', 'some_email@domain.com', '123-456-7890', 'Player', 13, '', 'Daniel', 'Powell', 0, 1, '[\"Outfield\"]'),
(226, 'hill', 'fe01ce2a7fbac8fafaed7c982a04e229', 'some_email@domain.com', '123-456-7890', 'Player', 13, '', 'Ty', 'Hill', 0, 0, '[\"2ndBase\",\"Shortstop\",\"Outfield\"]'),
(231, 'Fishy', 'fe01ce2a7fbac8fafaed7c982a04e229', 'some_email@domain.com', '123-456-7890', 'Player', 19, 'Lockfish', 'Jeffrey', 'Lockhart', 0, 0, '[\"1stBase\",\"Pitcher\",\"3rdBase\"]'),
(233, 'admin2', 'fe01ce2a7fbac8fafaed7c982a04e229', 'some_email@domain.com', '123-456-7890', 'Admin', 0, '', 'David', 'Peters', 0, 0, '[]'),
(234, 'erik.l.pedersen', 'fe01ce2a7fbac8fafaed7c982a04e229', 'some_email@domain.com', '123-456-7890', 'Coach', 21, '', 'Erik', 'Pedersen', 0, 0, '[]'),
(235, 'atod25', 'fe01ce2a7fbac8fafaed7c982a04e229', 'some_email@domain.com', '123-456-7890', 'Coach', 31, 'Boom-roasted', 'Alec', 'Tod', 0, 3, '[]'),
(236, 'jeff.johnson', 'fe01ce2a7fbac8fafaed7c982a04e229', 'some_email@domain.com', '123-456-7890', 'Coach', 29, '', 'Jeff', 'Johnson', 0, 3, '[]'),
(237, 'michael.morgan', 'fe01ce2a7fbac8fafaed7c982a04e229', 'some_email@domain.com', '123-456-7890', 'Coach', 29, '', 'Michael', 'Morgan', 0, 0, '[]'),
(238, 'smyoder30', 'fe01ce2a7fbac8fafaed7c982a04e229', 'some_email@domain.com', '123-456-7890', 'Coach', 32, '', 'Shawn', 'Yoder', 0, 3, '[]'),
(242, 'TRCARTER', 'fe01ce2a7fbac8fafaed7c982a04e229', 'some_email@domain.com', '123-456-7890', 'Player', 8, '', 'Trent', 'Carter', 0, 1, '[\"1stBase\",\"Catcher\",\"3rdBase\",\"Outfield\"]'),
(243, 'PASWINFORD', 'fe01ce2a7fbac8fafaed7c982a04e229', 'some_email@domain.com', '123-456-7890', 'Player', 8, '', 'Pat', 'Swinford', 0, 0, '[\"Catcher\",\"Outfield\"]'),
(244, 'Prestoncurrie27', 'fe01ce2a7fbac8fafaed7c982a04e229', 'some_email@domain.com', '123-456-7890', 'Player', 26, '', 'Preston', 'Currie', 0, 0, '[]'),
(249, 'Clayton.david.sl', 'fe01ce2a7fbac8fafaed7c982a04e229', 'some_email@domain.com', '123-456-7890', 'Player', 15, '', 'Clay', 'Slaughter', 0, 0, '[]'),
(250, 'chris@crosspoint', 'fe01ce2a7fbac8fafaed7c982a04e229', 'some_email@domain.com', '123-456-7890', 'Player', 15, '', 'Chris', 'Maloney', 0, 0, '[]'),
(252, 'khicks.homepros@', 'fe01ce2a7fbac8fafaed7c982a04e229', 'some_email@domain.com', '123-456-7890', 'Player', 15, '', 'Kevin', 'Hicks', 0, 0, '[]'),
(253, 'mcompton90@gmail', 'fe01ce2a7fbac8fafaed7c982a04e229', 'some_email@domain.com', '123-456-7890', 'Player', 15, '', 'Mike', 'Compton', 0, 0, '[]'),
(256, 'Peter.Wallace', 'fe01ce2a7fbac8fafaed7c982a04e229', 'some_email@domain.com', '123-456-7890', 'Player', 26, '', 'Peter', 'Wallace', 0, 0, '[]'),
(257, 'Dannyboy', 'fe01ce2a7fbac8fafaed7c982a04e229', 'some_email@domain.com', '123-456-7890', 'Player', 19, '', 'Dan', 'Sealy', 0, 0, '[\"3rdBase\"]'),
(258, 'Nickster', 'fe01ce2a7fbac8fafaed7c982a04e229', 'some_email@domain.com', '123-456-7890', 'Player', 19, '', 'Nick', 'Deal', 0, 0, '[\"Pitcher\",\"3rdBase\",\"Shortstop\"]'),
(259, 'Boilerup', 'fe01ce2a7fbac8fafaed7c982a04e229', 'some_email@domain.com', '123-456-7890', 'Player', 19, '', 'Ryan', 'Dowd', 0, 0, '[\"Outfield\"]'),
(260, 'Hockeyguy', 'fe01ce2a7fbac8fafaed7c982a04e229', 'some_email@domain.com', '123-456-7890', 'Player', 19, '', 'Kyle', 'Goyke', 0, 0, '[\"Catcher\"]'),
(261, 'RollsRoyce', 'fe01ce2a7fbac8fafaed7c982a04e229', 'some_email@domain.com', '123-456-7890', 'Player', 19, '', 'John', 'Holdcraft', 0, 0, '[\"Shortstop\"]'),
(262, 'Yaney', 'fe01ce2a7fbac8fafaed7c982a04e229', 'some_email@domain.com', '123-456-7890', 'Player', 19, '', 'Jordan', 'Yaney', 0, 0, '[\"2ndBase\",\"Outfield\"]'),
(264, 'KiKi', 'fe01ce2a7fbac8fafaed7c982a04e229', 'some_email@domain.com', '123-456-7890', 'Player', 19, '', 'Kyle', 'Lockhart', 0, 0, '[\"2ndBase\",\"3rdBase\",\"Outfield\"]'),
(265, 'Brockstar', 'fe01ce2a7fbac8fafaed7c982a04e229', 'some_email@domain.com', '123-456-7890', 'Player', 19, '', 'Brock', 'Craig', 0, 0, '[\"Outfield\"]'),
(266, 'Randy', 'fe01ce2a7fbac8fafaed7c982a04e229', 'some_email@domain.com', '123-456-7890', 'Player', 19, '', 'Randy', 'Woodring', 0, 0, '[\"Pitcher\",\"2ndBase\",\"Outfield\"]'),
(267, 'Sassyfrass', 'fe01ce2a7fbac8fafaed7c982a04e229', 'some_email@domain.com', '123-456-7890', 'Player', 19, '', 'Jeremy', 'Sassanella', 0, 0, '[\"1stBase\",\"Pitcher\"]'),
(268, 'Sammyboy', 'fe01ce2a7fbac8fafaed7c982a04e229', 'some_email@domain.com', '123-456-7890', 'Player', 19, '', 'Sam', 'Wishon', 0, 0, '[\"2ndBase\",\"Outfield\"]'),
(269, 'Derek', 'fe01ce2a7fbac8fafaed7c982a04e229', 'some_email@domain.com', '123-456-7890', 'Player', 19, '', 'Derek', 'Roby', 0, 0, '[\"Catcher\"]'),
(270, 'CarterC', 'fe01ce2a7fbac8fafaed7c982a04e229', 'some_email@domain.com', '123-456-7890', 'Player', 19, '', 'Carter', 'Chenoweth', 0, 0, '[\"Catcher\",\"Outfield\"]'),
(271, 'Nickman', 'fe01ce2a7fbac8fafaed7c982a04e229', 'some_email@domain.com', '123-456-7890', 'Player', 19, '', 'Nick', 'Nunez', 0, 0, '[\"2ndBase\",\"3rdBase\",\"Shortstop\",\"Outfield\"]'),
(272, 'PUFreakster', 'fe01ce2a7fbac8fafaed7c982a04e229', 'some_email@domain.com', '123-456-7890', 'Player', 19, '', 'Chad', 'Arnold', 0, 0, '[\"1stBase\",\"Pitcher\",\"Outfield\"]'),
(273, 'Beckett', 'fe01ce2a7fbac8fafaed7c982a04e229', 'some_email@domain.com', '123-456-7890', 'Player', 19, '', 'Matt', 'Beckett', 0, 0, '[\"2ndBase\",\"Outfield\"]'),
(274, 'TimothyL', 'fe01ce2a7fbac8fafaed7c982a04e229', 'some_email@domain.com', '123-456-7890', 'Player', 19, '', 'Tim', 'Lucas', 0, 0, '[\"2ndBase\",\"3rdBase\",\"Shortstop\",\"Outfield\"]'),
(275, 'GeorgR', 'fe01ce2a7fbac8fafaed7c982a04e229', 'some_email@domain.com', '123-456-7890', 'Player', 19, '', 'George', 'Rowley', 0, 0, '[\"2ndBase\",\"3rdBase\",\"Outfield\"]'),
(276, 'DavidW', 'fe01ce2a7fbac8fafaed7c982a04e229', 'some_email@domain.com', '123-456-7890', 'Player', 19, '', 'David', 'Wesner', 0, 0, '[\"2ndBase\",\"Outfield\"]'),
(277, 'Slickster', 'fe01ce2a7fbac8fafaed7c982a04e229', 'some_email@domain.com', '123-456-7890', 'Player', 19, '', 'Aaron', 'Biermann', 0, 0, '[\"Outfield\"]'),
(278, 'NateJ', 'fe01ce2a7fbac8fafaed7c982a04e229', 'some_email@domain.com', '123-456-7890', 'Player', 19, '', 'Nate', 'Jarrett', 0, 0, '[\"Outfield\"]'),
(279, 'ChrisG', 'fe01ce2a7fbac8fafaed7c982a04e229', 'some_email@domain.com', '123-456-7890', 'Player', 19, '', 'Chris', 'Griego', 0, 0, '[\"2ndBase\",\"3rdBase\",\"Outfield\"]'),
(280, 'JustinM', 'fe01ce2a7fbac8fafaed7c982a04e229', 'some_email@domain.com', '123-456-7890', 'Player', 19, '', 'Justin', 'Masterson', 0, 0, '[\"1stBase\",\"Pitcher\",\"2ndBase\",\"3rdBase\",\"Shortstop\",\"Outfield\"]'),
(284, 'jcamp1035', 'fe01ce2a7fbac8fafaed7c982a04e229', 'some_email@domain.com', '123-456-7890', 'Player', 28, '', 'Jerry', 'Campbell', 0, 1, '[\"1stBase\"]'),
(286, 'kmberger8', 'fe01ce2a7fbac8fafaed7c982a04e229', 'some_email@domain.com', '123-456-7890', 'Player', 28, '', 'Kevin', 'Berger', 0, 1, '[\"3rdBase\"]'),
(287, 'Danielhpaul', 'fe01ce2a7fbac8fafaed7c982a04e229', 'some_email@domain.com', '123-456-7890', 'Player', 28, '', 'Daniel', 'Paul', 0, 0, '[\"Outfield\"]'),
(288, 'player', 'fe01ce2a7fbac8fafaed7c982a04e229', 'some_email@domain.com', '123-456-7890', 'Player', 5, 'Demo Player', 'Aaron', 'Adams', 1, 1, '[\"Catcher\",\"Shortstop\"]'),
(289, 'aharper', 'fe01ce2a7fbac8fafaed7c982a04e229', 'some_email@domain.com', '123-456-7890', 'Player', 5, '', 'Andrew', 'Harper', 0, 0, '[]'),
(290, 'anelson', 'fe01ce2a7fbac8fafaed7c982a04e229', 'some_email@domain.com', '123-456-7890', 'Player', 5, '', 'Andy', 'Nelson', 0, 0, '[]'),
(291, 'cgates', 'fe01ce2a7fbac8fafaed7c982a04e229', 'some_email@domain.com', '123-456-7890', 'Player', 5, '', 'Caleb', 'Gates', 0, 0, '[\"1stBase\"]'),
(292, 'cpeters', 'fe01ce2a7fbac8fafaed7c982a04e229', 'some_email@domain.com', '123-456-7890', 'Player', 5, '', 'Caleb', 'Peters', 0, 0, '[\"1stBase\"]'),
(293, 'jcreel', 'fe01ce2a7fbac8fafaed7c982a04e229', 'some_email@domain.com', '123-456-7890', 'Player', 5, '', 'Jacob', 'Creel', 0, 0, '[]'),
(294, 'jsenior', 'fe01ce2a7fbac8fafaed7c982a04e229', 'some_email@domain.com', '123-456-7890', 'Player', 5, '', 'Jakob', 'Senior', 0, 0, '[]'),
(295, 'wsenior', 'fe01ce2a7fbac8fafaed7c982a04e229', 'some_email@domain.com', '123-456-7890', 'Player', 5, 'Bill', 'William', 'Senior', 1, 0, '[]'),
(296, 'rmulvihill', 'fe01ce2a7fbac8fafaed7c982a04e229', 'some_email@domain.com', '123-456-7890', 'Player', 5, '', 'Riley', 'Mulvihill', 0, 0, '[]'),
(297, 'shaller', 'fe01ce2a7fbac8fafaed7c982a04e229', 'some_email@domain.com', '123-456-7890', 'Player', 5, '', 'Steve', 'Haller', 0, 0, '[]'),
(299, 'Pete', 'fe01ce2a7fbac8fafaed7c982a04e229', 'some_email@domain.com', '123-456-7890', 'Player', 11, '', 'Peter', 'Ringenberg', 0, 0, '[\"3rdBase\",\"Shortstop\"]'),
(300, 'weaverox', 'fe01ce2a7fbac8fafaed7c982a04e229', 'some_email@domain.com', '123-456-7890', 'Player', 2, '', 'Dave', 'Weaver', 0, 0, '[\"1stBase\",\"2ndBase\",\"3rdBase\",\"Shortstop\",\"Outfield\"]'),
(301, 'jerome', 'fe01ce2a7fbac8fafaed7c982a04e229', 'some_email@domain.com', '123-456-7890', 'Player', 2, '', 'Jerome', 'Sack', 0, 0, '[\"1stBase\"]'),
(302, 'scheduler', 'fe01ce2a7fbac8fafaed7c982a04e229', 'some_email@domain.com', '123-456-7890', 'Admin', 0, '', 'Craig', 'Durbin', 0, 0, '[]'),
(303, 'adam.daulton', 'fe01ce2a7fbac8fafaed7c982a04e229', 'some_email@domain.com', '123-456-7890', 'Player', 3, '', 'Adam', 'Daulton', 0, 0, '[]'),
(304, 'daykayurek', 'fe01ce2a7fbac8fafaed7c982a04e229', 'some_email@domain.com', '123-456-7890', 'Player', 3, '', 'David', 'Yurek', 0, 0, '[\"Outfield\"]'),
(305, 'mabraham1', 'fe01ce2a7fbac8fafaed7c982a04e229', 'some_email@domain.com', '123-456-7890', 'Player', 3, '', 'Mark', 'Abraham', 0, 0, '[\"Outfield\"]'),
(306, 'jtn634', 'fe01ce2a7fbac8fafaed7c982a04e229', 'some_email@domain.com', '123-456-7890', 'Player', 3, '', 'James', 'Nussbaum', 0, 0, '[\"Outfield\"]'),
(308, 'elonto.hernandez', 'fe01ce2a7fbac8fafaed7c982a04e229', 'some_email@domain.com', '123-456-7890', 'Player', 3, '', 'Elonto', 'Hernandez', 0, 0, '[\"Catcher\"]'),
(309, 'kmaynordpu', 'fe01ce2a7fbac8fafaed7c982a04e229', 'some_email@domain.com', '123-456-7890', 'Player', 3, '', 'Kyle', 'Maynor', 0, 0, '[\"Shortstop\"]'),
(310, '85dalmer', 'fe01ce2a7fbac8fafaed7c982a04e229', 'some_email@domain.com', '123-456-7890', 'Player', 3, '', 'Kyle', 'Palmer', 0, 0, '[]'),
(311, 'nick.carter', 'fe01ce2a7fbac8fafaed7c982a04e229', 'some_email@domain.com', '123-456-7890', 'Player', 3, '', 'Nick', 'Carter', 0, 0, '[\"Outfield\"]'),
(312, 'Conzo13', 'fe01ce2a7fbac8fafaed7c982a04e229', 'some_email@domain.com', '123-456-7890', 'Player', 3, '', 'Rueben', 'Allen', 0, 0, '[\"2ndBase\"]'),
(313, 'witham15', 'fe01ce2a7fbac8fafaed7c982a04e229', 'some_email@domain.com', '123-456-7890', 'Player', 3, '', 'Matt', 'Witham', 0, 0, '[\"3rdBase\"]'),
(314, 'jon_atherton', 'fe01ce2a7fbac8fafaed7c982a04e229', 'some_email@domain.com', '123-456-7890', 'Player', 3, '', 'Jon', 'Atherton', 0, 0, '[\"Outfield\"]'),
(315, 'john.j.schumm', 'fe01ce2a7fbac8fafaed7c982a04e229', 'some_email@domain.com', '123-456-7890', 'Player', 26, '', 'John', 'Schumm', 0, 0, '[]'),
(317, 'Tom', 'fe01ce2a7fbac8fafaed7c982a04e229', 'some_email@domain.com', '123-456-7890', 'Player', 11, '', 'Tom', 'Anderson', 0, 0, '[\"Outfield\"]'),
(318, 'Rich', 'fe01ce2a7fbac8fafaed7c982a04e229', 'some_email@domain.com', '123-456-7890', 'Player', 11, '', 'Rich', 'Freeman', 0, 0, '[\"2ndBase\"]'),
(319, 'Colin', 'fe01ce2a7fbac8fafaed7c982a04e229', 'some_email@domain.com', '123-456-7890', 'Player', 11, '', 'Colin', 'McCahill', 0, 0, '[\"Outfield\"]'),
(322, 'Joe2', 'fe01ce2a7fbac8fafaed7c982a04e229', 'some_email@domain.com', '123-456-7890', 'Player', 11, '', 'Joe', 'Hyland', 0, 0, '[\"Shortstop\"]'),
(323, 'Chris', 'fe01ce2a7fbac8fafaed7c982a04e229', 'some_email@domain.com', '123-456-7890', 'Player', 11, '', 'Chris', 'LeCompte', 0, 0, '[\"3rdBase\"]'),
(326, 'Mitch', 'fe01ce2a7fbac8fafaed7c982a04e229', 'some_email@domain.com', '123-456-7890', 'Player', 11, '', 'Mitch', 'Buis', 0, 0, '[\"Outfield\"]'),
(331, 'Freeman', 'fe01ce2a7fbac8fafaed7c982a04e229', 'some_email@domain.com', '123-456-7890', 'Player', 21, '', 'Wesley', 'Freeman', 0, 0, '[]'),
(332, 'Linete', 'fe01ce2a7fbac8fafaed7c982a04e229', 'some_email@domain.com', '123-456-7890', 'Player', 21, '', 'Sam', 'Linete', 0, 0, '[]'),
(333, 'Mehringer', 'fe01ce2a7fbac8fafaed7c982a04e229', 'some_email@domain.com', '123-456-7890', 'Player', 21, '', 'Luke', 'Mehringer', 0, 0, '[]'),
(334, 'Allen', 'fe01ce2a7fbac8fafaed7c982a04e229', 'some_email@domain.com', '123-456-7890', 'Player', 21, 'Paid', 'Zach', 'Allen', 0, 0, '[]'),
(335, 'Pedersen', 'fe01ce2a7fbac8fafaed7c982a04e229', 'some_email@domain.com', '123-456-7890', 'Player', 21, '', 'Erik', 'Pedersen', 0, 0, '[]'),
(336, 'Heberling', 'fe01ce2a7fbac8fafaed7c982a04e229', 'some_email@domain.com', '123-456-7890', 'Player', 21, '', 'Cole', 'Heberling', 0, 0, '[]'),
(337, 'Sigmon', 'fe01ce2a7fbac8fafaed7c982a04e229', 'some_email@domain.com', '123-456-7890', 'Player', 21, '', 'Bryan', 'Sigmon', 0, 0, '[]'),
(338, 'Fields', 'fe01ce2a7fbac8fafaed7c982a04e229', 'some_email@domain.com', '123-456-7890', 'Player', 21, '', 'Boston', 'Fields', 0, 0, '[]'),
(339, 'Canada', 'fe01ce2a7fbac8fafaed7c982a04e229', 'some_email@domain.com', '123-456-7890', 'Player', 21, '', 'Tyler', 'Canada', 0, 0, '[]'),
(340, 'Homburg', 'fe01ce2a7fbac8fafaed7c982a04e229', 'some_email@domain.com', '123-456-7890', 'Player', 21, 'Ike', 'Isaac', 'Homburg', 1, 0, '[]'),
(341, 'DePeal', 'fe01ce2a7fbac8fafaed7c982a04e229', 'some_email@domain.com', '123-456-7890', 'Player', 21, '', 'Marcus', 'DePeal', 0, 0, '[]'),
(342, 'Riemersma', 'fe01ce2a7fbac8fafaed7c982a04e229', 'some_email@domain.com', '123-456-7890', 'Player', 21, '', 'Andy', 'Riemersma', 0, 0, '[]'),
(343, 'Entwistle', 'fe01ce2a7fbac8fafaed7c982a04e229', 'some_email@domain.com', '123-456-7890', 'Player', 21, '', 'Kevin', 'Entwistle', 0, 0, '[]'),
(344, 'Combs', 'fe01ce2a7fbac8fafaed7c982a04e229', 'some_email@domain.com', '123-456-7890', 'Player', 21, '', 'Ty', 'Combs', 0, 0, '[]'),
(345, 'bjcoffer', 'fe01ce2a7fbac8fafaed7c982a04e229', 'some_email@domain.com', '123-456-7890', 'Player', 29, '', 'Brandon', 'Coffer', 0, 0, '[]'),
(346, 'dkreeves', 'fe01ce2a7fbac8fafaed7c982a04e229', 'some_email@domain.com', '123-456-7890', 'Player', 29, '', 'Don', 'Reeves', 0, 0, '[]'),
(347, 'brian.m.francis.', 'fe01ce2a7fbac8fafaed7c982a04e229', 'some_email@domain.com', '123-456-7890', 'Player', 29, '', 'Brian', 'Francis', 0, 0, '[]'),
(348, 'tj_johnson13', 'fe01ce2a7fbac8fafaed7c982a04e229', 'some_email@domain.com', '123-456-7890', 'Player', 29, '', 'Tyler', 'Johnson', 0, 0, '[]'),
(349, 'matthoma', 'fe01ce2a7fbac8fafaed7c982a04e229', 'some_email@domain.com', '123-456-7890', 'Player', 29, '', 'Matt', 'Thomas', 0, 0, '[]'),
(350, 'rocket425', 'fe01ce2a7fbac8fafaed7c982a04e229', 'some_email@domain.com', '123-456-7890', 'Player', 29, '', 'Jon', 'Jacobs', 0, 0, '[]'),
(351, 'shep1991', 'fe01ce2a7fbac8fafaed7c982a04e229', 'some_email@domain.com', '123-456-7890', 'Player', 29, '', 'Austin', 'Shepherd', 0, 0, '[]'),
(352, 'tonyharvey44', 'fe01ce2a7fbac8fafaed7c982a04e229', 'some_email@domain.com', '123-456-7890', 'Player', 29, '', 'Tony', 'Harvey', 0, 0, '[]'),
(369, 'jeffstraub', 'fe01ce2a7fbac8fafaed7c982a04e229', 'some_email@domain.com', '123-456-7890', 'Player', 14, '', 'Jeff', 'Straub', 0, 0, '[]'),
(372, 'adamhayford', 'fe01ce2a7fbac8fafaed7c982a04e229', 'some_email@domain.com', '123-456-7890', 'Player', 14, '', 'Adam', 'Hayford', 0, 1, '[]'),
(373, 'dmoran', 'fe01ce2a7fbac8fafaed7c982a04e229', 'some_email@domain.com', '123-456-7890', 'Player', 9, '', 'Dan', 'Moran', 0, 0, '[]'),
(374, 'dmoran1', 'fe01ce2a7fbac8fafaed7c982a04e229', 'some_email@domain.com', '123-456-7890', 'Player', 9, '', 'David', 'Moran', 0, 0, '[]'),
(375, 'kblickenstaff', 'fe01ce2a7fbac8fafaed7c982a04e229', 'some_email@domain.com', '123-456-7890', 'Player', 9, '', 'Kenny', 'Blickenstaff', 0, 0, '[]'),
(376, 'dmoore', 'fe01ce2a7fbac8fafaed7c982a04e229', 'some_email@domain.com', '123-456-7890', 'Player', 9, '', 'Danny', 'Moore', 0, 0, '[]'),
(377, 'bbenfield', 'fe01ce2a7fbac8fafaed7c982a04e229', 'some_email@domain.com', '123-456-7890', 'Player', 9, '', 'Brandon', 'Benfield', 0, 0, '[]'),
(378, 'cbaker', 'fe01ce2a7fbac8fafaed7c982a04e229', 'some_email@domain.com', '123-456-7890', 'Player', 9, '', 'Caleb', 'Baker', 0, 0, '[]'),
(379, 'danger', 'fe01ce2a7fbac8fafaed7c982a04e229', 'some_email@domain.com', '123-456-7890', 'Player', 9, '', 'Derek', 'Anger', 0, 0, '[]'),
(380, 'bfuller', 'fe01ce2a7fbac8fafaed7c982a04e229', 'some_email@domain.com', '123-456-7890', 'Player', 9, '', 'Ben', 'Fuller', 0, 0, '[]'),
(381, 'jgaunnac', 'fe01ce2a7fbac8fafaed7c982a04e229', 'some_email@domain.com', '123-456-7890', 'Player', 9, '', 'Josh', 'Gaunnac', 0, 0, '[]'),
(382, 'dcole', 'fe01ce2a7fbac8fafaed7c982a04e229', 'some_email@domain.com', '123-456-7890', 'Player', 9, '', 'David', 'Cole', 0, 1, '[]'),
(383, 'kblickenstaff1', 'fe01ce2a7fbac8fafaed7c982a04e229', 'some_email@domain.com', '123-456-7890', 'Player', 9, '', 'Kolton', 'Blickenstaff', 0, 0, '[]'),
(384, 'wteat', 'fe01ce2a7fbac8fafaed7c982a04e229', 'some_email@domain.com', '123-456-7890', 'Player', 9, '', 'Will', 'Teat', 0, 0, '[]'),
(385, 'francisramirez', 'fe01ce2a7fbac8fafaed7c982a04e229', 'some_email@domain.com', '123-456-7890', 'Player', 14, 'GOAT', 'Francis', 'Ramirez', 0, 1, '[]'),
(387, 'trufatto', 'fe01ce2a7fbac8fafaed7c982a04e229', 'some_email@domain.com', '123-456-7890', 'Player', 5, '', 'Tony', 'Rufatto', 0, 0, '[]'),
(388, 'morganm', 'fe01ce2a7fbac8fafaed7c982a04e229', 'some_email@domain.com', '123-456-7890', 'Player', 29, '', 'Michael', 'Morgan', 0, 0, '[]'),
(389, 'josh', 'fe01ce2a7fbac8fafaed7c982a04e229', 'some_email@domain.com', '123-456-7890', 'Player', 18, '', 'josh', 'ralston', 0, 0, '[]'),
(390, 'Tony', 'fe01ce2a7fbac8fafaed7c982a04e229', 'some_email@domain.com', '123-456-7890', 'Player', 18, '', 'Tony', 'Campati', 0, 0, '[]'),
(391, 'Tristan', 'fe01ce2a7fbac8fafaed7c982a04e229', 'some_email@domain.com', '123-456-7890', 'Player', 18, '', 'tristan', 'soliday', 0, 0, '[]'),
(392, 'vernon', 'fe01ce2a7fbac8fafaed7c982a04e229', 'some_email@domain.com', '123-456-7890', 'Player', 18, '', 'vernon', 'haley', 0, 0, '[]'),
(393, 'robby', 'fe01ce2a7fbac8fafaed7c982a04e229', 'some_email@domain.com', '123-456-7890', 'Player', 18, '', 'robby', 'smith', 0, 0, '[]'),
(394, 'Jordan', 'fe01ce2a7fbac8fafaed7c982a04e229', 'some_email@domain.com', '123-456-7890', 'Player', 18, '', 'jordan', 'shady', 0, 0, '[]'),
(395, 'Andrew', 'fe01ce2a7fbac8fafaed7c982a04e229', 'some_email@domain.com', '123-456-7890', 'Player', 18, '', 'andrew', 'mcpheron', 0, 0, '[]'),
(396, 'Joe.m', 'fe01ce2a7fbac8fafaed7c982a04e229', 'some_email@domain.com', '123-456-7890', 'Player', 18, '', 'joe', 'meyers', 0, 0, '[]'),
(397, 'Jason', 'fe01ce2a7fbac8fafaed7c982a04e229', 'some_email@domain.com', '123-456-7890', 'Player', 18, '', 'jason', 'reetz', 0, 0, '[]'),
(398, 'neil', 'fe01ce2a7fbac8fafaed7c982a04e229', 'some_email@domain.com', '123-456-7890', 'Player', 18, '', 'neil', 'garwood', 0, 0, '[]'),
(399, 'brock', 'fe01ce2a7fbac8fafaed7c982a04e229', 'some_email@domain.com', '123-456-7890', 'Player', 18, '', 'brock', 'odle', 0, 0, '[]'),
(400, 'Dimitri', 'fe01ce2a7fbac8fafaed7c982a04e229', 'some_email@domain.com', '123-456-7890', 'Player', 18, '', 'dimitri', 'morson', 0, 0, '[]'),
(401, 'Jake', 'fe01ce2a7fbac8fafaed7c982a04e229', 'some_email@domain.com', '123-456-7890', 'Player', 18, '', 'jake', 'johnson', 0, 0, '[]'),
(402, 'cleo', 'fe01ce2a7fbac8fafaed7c982a04e229', 'some_email@domain.com', '123-456-7890', 'Player', 18, '', 'cleo', 'allen', 0, 0, '[]'),
(403, 'Michael', 'fe01ce2a7fbac8fafaed7c982a04e229', 'some_email@domain.com', '123-456-7890', 'Player', 18, '', 'michael', 'mcelhany', 0, 0, '[]'),
(404, 'Alec', 'fe01ce2a7fbac8fafaed7c982a04e229', 'some_email@domain.com', '123-456-7890', 'Player', 31, 'Tiger', 'Alec', 'Tod', 0, 0, '[\"Outfield\"]'),
(405, 'Jjeran', 'fe01ce2a7fbac8fafaed7c982a04e229', 'some_email@domain.com', '123-456-7890', 'Player', 31, 'Jeranimo', 'Jordan', 'Jeran', 0, 1, '[\"Pitcher\"]'),
(406, 'Wthompson', 'fe01ce2a7fbac8fafaed7c982a04e229', 'some_email@domain.com', '123-456-7890', 'Player', 31, 'Way Way', 'Wayland', 'Thompson', 0, 1, '[\"3rdBase\"]'),
(407, 'Dgibbs', 'fe01ce2a7fbac8fafaed7c982a04e229', 'some_email@domain.com', '123-456-7890', 'Player', 31, 'Gibby', 'Dwayne', 'Gibbs', 0, 1, '[\"Outfield\"]'),
(408, 'Jgonzalez', 'fe01ce2a7fbac8fafaed7c982a04e229', 'some_email@domain.com', '123-456-7890', 'Player', 31, 'Gonzo', 'Josh', 'Gonzalez', 0, 1, '[\"Outfield\"]'),
(410, 'Bvosler', 'fe01ce2a7fbac8fafaed7c982a04e229', 'some_email@domain.com', '123-456-7890', 'Player', 31, 'Broche', 'Brook', 'Vosler', 0, 1, '[\"Shortstop\"]'),
(411, 'Rwalker', 'fe01ce2a7fbac8fafaed7c982a04e229', 'some_email@domain.com', '123-456-7890', 'Player', 31, 'Ransford Walker', 'Ransford', 'Walker', 0, 1, '[\"Catcher\"]'),
(412, 'Pthompson', 'fe01ce2a7fbac8fafaed7c982a04e229', 'some_email@domain.com', '123-456-7890', 'Player', 31, 'Big Phil', 'Phillip', 'Thompson', 0, 1, '[\"Outfield\"]'),
(414, 'Asoller', 'fe01ce2a7fbac8fafaed7c982a04e229', 'some_email@domain.com', '123-456-7890', 'Player', 31, 'Soller', 'Alex', 'Soller', 0, 1, '[\"Outfield\"]'),
(415, 'Jrupp', 'fe01ce2a7fbac8fafaed7c982a04e229', 'some_email@domain.com', '123-456-7890', 'Player', 31, 'Jake Rupp', 'Jake', 'Rupp', 0, 1, '[\"3rdBase\"]'),
(416, 'Amarsh', 'fe01ce2a7fbac8fafaed7c982a04e229', 'some_email@domain.com', '123-456-7890', 'Player', 31, 'Alex Marsh', 'Alex', 'Marsh', 0, 1, '[\"2ndBase\"]'),
(418, 'mccdhhb', 'fe01ce2a7fbac8fafaed7c982a04e229', 'some_email@domain.com', '123-456-7890', 'Player', 17, '', 'Mike', 'McCrady', 0, 0, '[\"Outfield\"]'),
(419, 'edepotter', 'fe01ce2a7fbac8fafaed7c982a04e229', 'some_email@domain.com', '123-456-7890', 'Player', 17, '', 'Evan', 'DePotter', 0, 0, '[\"Outfield\"]'),
(420, 'usemooreoutdoors', 'fe01ce2a7fbac8fafaed7c982a04e229', 'some_email@domain.com', '123-456-7890', 'Player', 17, '', 'Shawn', 'Moore', 0, 0, '[\"Pitcher\"]'),
(421, 'zeket7', 'fe01ce2a7fbac8fafaed7c982a04e229', 'some_email@domain.com', '123-456-7890', 'Player', 17, '', 'Zeke', 'Turner', 0, 0, '[\"2ndBase\"]'),
(422, 'mitchell1234', 'fe01ce2a7fbac8fafaed7c982a04e229', 'some_email@domain.com', '123-456-7890', 'Player', 17, '', 'Jeff', 'Mitchell', 0, 0, '[\"Pitcher\",\"Outfield\"]'),
(423, 'jordandouglashal', 'fe01ce2a7fbac8fafaed7c982a04e229', 'some_email@domain.com', '123-456-7890', 'Player', 17, '', 'Jordan', 'Hall', 0, 0, '[\"Outfield\"]'),
(424, 'dustin', 'fe01ce2a7fbac8fafaed7c982a04e229', 'some_email@domain.com', '123-456-7890', 'Player', 18, '', 'dustin', 'hunt', 0, 0, '[]'),
(425, 'CMcNeilly', 'fe01ce2a7fbac8fafaed7c982a04e229', 'some_email@domain.com', '123-456-7890', 'Player', 27, '', 'Christian', 'McNeilly', 0, 0, '[\"Outfield\"]'),
(426, 'BPoulsen', 'fe01ce2a7fbac8fafaed7c982a04e229', 'some_email@domain.com', '123-456-7890', 'Player', 27, '', 'Brian', 'Poulsen', 0, 0, '[\"Outfield\"]'),
(427, 'Bdelisle', 'fe01ce2a7fbac8fafaed7c982a04e229', 'some_email@domain.com', '123-456-7890', 'Player', 27, '', 'Bill', 'Delisle', 0, 0, '[\"1stBase\",\"Pitcher\",\"2ndBase\",\"Catcher\",\"3rdBase\",\"Shortstop\",\"Outfield\"]'),
(428, 'DanSprunger', 'fe01ce2a7fbac8fafaed7c982a04e229', 'some_email@domain.com', '123-456-7890', 'Player', 32, '', 'Dan', 'Sprunger', 0, 0, '[\"Pitcher\",\"3rdBase\",\"Shortstop\",\"Outfield\"]'),
(429, 'DanZoeller', 'fe01ce2a7fbac8fafaed7c982a04e229', 'some_email@domain.com', '123-456-7890', 'Player', 32, '', 'Dan', 'Zoeller', 0, 0, '[\"1stBase\"]'),
(430, 'MattBrewer', 'fe01ce2a7fbac8fafaed7c982a04e229', 'some_email@domain.com', '123-456-7890', 'Player', 32, '', 'Matt', 'Brewer', 0, 0, '[\"1stBase\",\"2ndBase\",\"3rdBase\"]'),
(431, 'AndyWilliams', 'fe01ce2a7fbac8fafaed7c982a04e229', 'some_email@domain.com', '123-456-7890', 'Player', 32, '', 'Andy', 'Williams', 0, 0, '[\"2ndBase\",\"Catcher\",\"Outfield\"]'),
(432, 'CodyBuriff', 'fe01ce2a7fbac8fafaed7c982a04e229', 'some_email@domain.com', '123-456-7890', 'Player', 32, '', 'Cody', 'Buriff', 0, 0, '[\"Outfield\"]'),
(434, 'MattGleaves', 'fe01ce2a7fbac8fafaed7c982a04e229', 'some_email@domain.com', '123-456-7890', 'Player', 32, '', 'Matt', 'Gleaves', 0, 0, '[\"1stBase\",\"Catcher\"]'),
(436, 'JasonWright', 'fe01ce2a7fbac8fafaed7c982a04e229', 'some_email@domain.com', '123-456-7890', 'Player', 32, '', 'Jason', 'Wright', 0, 0, '[\"2ndBase\",\"Catcher\",\"Outfield\"]'),
(438, 'RobbMendoza', 'fe01ce2a7fbac8fafaed7c982a04e229', 'some_email@domain.com', '123-456-7890', 'Player', 32, '', 'Robb', 'Mendoza', 0, 0, '[\"Pitcher\"]'),
(439, 'RobMartz', 'fe01ce2a7fbac8fafaed7c982a04e229', 'some_email@domain.com', '123-456-7890', 'Player', 32, '', 'Rob', 'Martz', 0, 0, '[\"Outfield\"]'),
(440, 'BenCox', 'fe01ce2a7fbac8fafaed7c982a04e229', 'some_email@domain.com', '123-456-7890', 'Player', 32, '', 'Ben', 'Cox', 0, 0, '[\"Outfield\"]'),
(442, 'dniederbergerjr', 'fe01ce2a7fbac8fafaed7c982a04e229', 'some_email@domain.com', '123-456-7890', 'Player', 28, '', 'Danny', 'Niederberger', 0, 1, '[\"Outfield\"]'),
(443, 'niederbergerjp', 'fe01ce2a7fbac8fafaed7c982a04e229', 'some_email@domain.com', '123-456-7890', 'Player', 28, '', 'Josh', 'Niederberger', 0, 1, '[\"Outfield\"]'),
(444, 'brian', 'fe01ce2a7fbac8fafaed7c982a04e229', 'some_email@domain.com', '123-456-7890', 'Player', 29, '', 'Brian', 'Francis', 0, 0, '[]'),
(445, 'tyler', 'fe01ce2a7fbac8fafaed7c982a04e229', 'some_email@domain.com', '123-456-7890', 'Player', 29, '', 'Tyler', 'Johnson', 0, 0, '[]'),
(446, 'Josh1', 'fe01ce2a7fbac8fafaed7c982a04e229', 'some_email@domain.com', '123-456-7890', 'Player', 27, '', 'Josh', 'Wilhelm', 0, 0, '[\"Outfield\"]'),
(447, 'awitt', 'fe01ce2a7fbac8fafaed7c982a04e229', 'some_email@domain.com', '123-456-7890', 'Player', 12, '', 'Addison', 'Witt', 0, 0, '[\"2ndBase\"]'),
(448, 'nnewcomer', 'fe01ce2a7fbac8fafaed7c982a04e229', 'some_email@domain.com', '123-456-7890', 'Player', 12, '', 'Nate', 'Newcomer', 0, 0, '[\"Outfield\"]'),
(449, 'bgillam', 'fe01ce2a7fbac8fafaed7c982a04e229', 'some_email@domain.com', '123-456-7890', 'Player', 12, '', 'Brandon', 'Gillam', 0, 0, '[\"Outfield\"]'),
(450, 'ngriswold', 'fe01ce2a7fbac8fafaed7c982a04e229', 'some_email@domain.com', '123-456-7890', 'Player', 12, '', 'Nicholas', 'Griswold', 0, 0, '[]'),
(451, 'mwilson', 'fe01ce2a7fbac8fafaed7c982a04e229', 'some_email@domain.com', '123-456-7890', 'Player', 12, '', 'Michael', 'Wilson', 0, 0, '[]'),
(452, 'lukasgsipe', 'fe01ce2a7fbac8fafaed7c982a04e229', 'some_email@domain.com', '123-456-7890', 'Player', 28, '', 'Lukas', 'Sipe', 0, 1, '[\"Outfield\"]'),
(454, 'adoss', 'fe01ce2a7fbac8fafaed7c982a04e229', 'some_email@domain.com', '123-456-7890', 'Player', 12, '', 'Andrew', 'Doss', 0, 0, '[\"3rdBase\",\"Outfield\"]'),
(455, 'brimmer', 'fe01ce2a7fbac8fafaed7c982a04e229', 'some_email@domain.com', '123-456-7890', 'Player', 12, '', 'Bryan', 'Rimmer', 0, 0, '[\"3rdBase\"]'),
(456, 'cpriser', 'fe01ce2a7fbac8fafaed7c982a04e229', 'some_email@domain.com', '123-456-7890', 'Player', 12, '', 'Colton', 'Priser', 0, 0, '[]'),
(457, 'dhall', 'fe01ce2a7fbac8fafaed7c982a04e229', 'some_email@domain.com', '123-456-7890', 'Player', 12, '', 'Drew', 'Hall', 0, 0, '[\"Shortstop\"]'),
(458, 'Jeff', 'fe01ce2a7fbac8fafaed7c982a04e229', 'some_email@domain.com', '123-456-7890', 'Player', 29, '', 'Jeff', 'Johnson', 0, 0, '[]'),
(459, 'NIKING', 'fe01ce2a7fbac8fafaed7c982a04e229', 'some_email@domain.com', '123-456-7890', 'Player', 8, '', 'Nick', 'King', 0, 1, '[\"Catcher\",\"Outfield\"]'),
(462, 'aabud', 'fe01ce2a7fbac8fafaed7c982a04e229', 'some_email@domain.com', '123-456-7890', 'Player', 15, '', 'Alex', 'Abud', 0, 0, '[]'),
(463, 'Mlauer', 'fe01ce2a7fbac8fafaed7c982a04e229', 'some_email@domain.com', '123-456-7890', 'Player', 2, '', 'Matt', 'Lauer', 0, 0, '[\"2ndBase\"]'),
(464, 'mwiseman', 'fe01ce2a7fbac8fafaed7c982a04e229', 'some_email@domain.com', '123-456-7890', 'Player', 17, '', 'Matt', 'Wiseman', 0, 0, '[\"Pitcher\",\"3rdBase\",\"Shortstop\"]'),
(465, 'Chase', 'fe01ce2a7fbac8fafaed7c982a04e229', 'some_email@domain.com', '123-456-7890', 'Player', 21, '', 'Chase', 'Sanders', 0, 0, '[]'),
(466, 'Jarrett', 'fe01ce2a7fbac8fafaed7c982a04e229', 'some_email@domain.com', '123-456-7890', 'Player', 21, '', 'Kyle', 'Jarrett', 0, 0, '[]'),
(467, 'Ben.wenning', 'fe01ce2a7fbac8fafaed7c982a04e229', 'some_email@domain.com', '123-456-7890', 'Player', 26, '', 'Ben', 'Wenning', 0, 0, '[]'),
(468, 'matt.janke4', 'fe01ce2a7fbac8fafaed7c982a04e229', 'some_email@domain.com', '123-456-7890', 'Player', 26, '', 'Matt', 'Janke', 0, 1, '[]'),
(470, 'tberry', 'fe01ce2a7fbac8fafaed7c982a04e229', 'some_email@domain.com', '123-456-7890', 'Player', 5, '', 'Tim', 'Berry', 0, 0, '[]'),
(472, 'AndyMartin', 'fe01ce2a7fbac8fafaed7c982a04e229', 'some_email@domain.com', '123-456-7890', 'Player', 32, '', 'Andy', 'Martin', 0, 0, '[\"1stBase\",\"Catcher\",\"Outfield\"]'),
(473, 'AdamZoeller', 'fe01ce2a7fbac8fafaed7c982a04e229', 'some_email@domain.com', '123-456-7890', 'Player', 32, '', 'Adam', 'Zoeller', 0, 0, '[]'),
(475, 'Rafael', 'fe01ce2a7fbac8fafaed7c982a04e229', 'some_email@domain.com', '123-456-7890', 'Player', 18, '', 'rafael', 'pomales', 0, 0, '[]'),
(476, 'Schrock32', 'fe01ce2a7fbac8fafaed7c982a04e229', 'some_email@domain.com', '123-456-7890', 'Player', 26, '', 'Ryan', 'Schrock', 0, 1, '[]'),
(477, 'aaron', 'fe01ce2a7fbac8fafaed7c982a04e229', 'some_email@domain.com', '123-456-7890', 'Player', 18, '', 'Aaron', 'Kimbell', 0, 0, '[]'),
(478, 'JWenger', 'fe01ce2a7fbac8fafaed7c982a04e229', 'some_email@domain.com', '123-456-7890', 'Player', 32, '', 'Jon', 'Wenger', 0, 0, '[\"Outfield\"]'),
(481, 'DAMEYER', 'fe01ce2a7fbac8fafaed7c982a04e229', 'some_email@domain.com', '123-456-7890', 'Player', 8, '', 'Daniel', 'Meyer', 0, 1, '[\"Catcher\",\"Outfield\"]'),
(482, 'HDunlop', 'fe01ce2a7fbac8fafaed7c982a04e229', 'some_email@domain.com', '123-456-7890', 'Player', 27, '', 'Hiatt', 'Dunlop', 0, 0, '[\"2ndBase\",\"Outfield\"]'),
(483, 'troy', 'fe01ce2a7fbac8fafaed7c982a04e229', 'some_email@domain.com', '123-456-7890', 'Player', 18, '', 'troy', 'taylor', 0, 0, '[]'),
(487, 'BKing', 'fe01ce2a7fbac8fafaed7c982a04e229', 'some_email@domain.com', '123-456-7890', 'Player', 32, '', 'Brett', 'King', 0, 0, '[\"Pitcher\",\"2ndBase\",\"Outfield\"]'),
(488, 'JKauffman', 'fe01ce2a7fbac8fafaed7c982a04e229', 'some_email@domain.com', '123-456-7890', 'Player', 32, '', 'Justin', 'Kauffman', 0, 0, '[\"Outfield\"]'),
(489, 'crawlins', 'fe01ce2a7fbac8fafaed7c982a04e229', 'some_email@domain.com', '123-456-7890', 'Player', 5, '', 'Chris', 'Rawlins', 0, 0, '[\"Outfield\"]'),
(490, 'lvg', 'fe01ce2a7fbac8fafaed7c982a04e229', 'some_email@domain.com', '123-456-7890', 'Player', 5, '', 'Lee', 'Van Groningen', 0, 0, '[]'),
(491, 'alfaveg77', 'fe01ce2a7fbac8fafaed7c982a04e229', 'some_email@domain.com', '123-456-7890', 'Player', 5, '', 'Juan', 'Vega', 0, 0, '[]'),
(492, 'joelaerickson', 'fe01ce2a7fbac8fafaed7c982a04e229', 'some_email@domain.com', '123-456-7890', 'Coach', 33, '', 'Joel', 'Erickson', 0, 3, '[]'),
(493, 'jaredstimson', 'fe01ce2a7fbac8fafaed7c982a04e229', 'some_email@domain.com', '123-456-7890', 'Coach', 33, '', 'Jared', 'Stimson', 0, 3, '[]'),
(494, 'jeb.rice79', 'fe01ce2a7fbac8fafaed7c982a04e229', 'some_email@domain.com', '123-456-7890', 'Coach', 13, '', 'Jeb', 'Rice', 0, 3, '[]'),
(495, 'msmit', 'fe01ce2a7fbac8fafaed7c982a04e229', 'some_email@domain.com', '123-456-7890', 'Coach', 5, '', 'Mark', 'Smit', 0, 0, '[]'),
(497, 'tdlukasiewicz@gm', 'fe01ce2a7fbac8fafaed7c982a04e229', 'some_email@domain.com', '123-456-7890', 'Player', 33, '', 'Tim', 'Lukasiewicz', 0, 0, '[]'),
(498, 'tjbitting', 'fe01ce2a7fbac8fafaed7c982a04e229', 'some_email@domain.com', '123-456-7890', 'Player', 33, '', 'Tucker', 'Bitting', 0, 0, '[]'),
(499, 'steven.t.berube', 'fe01ce2a7fbac8fafaed7c982a04e229', 'some_email@domain.com', '123-456-7890', 'Player', 33, '', 'Steven', 'Berube', 0, 0, '[]'),
(500, 'dcrowe', 'fe01ce2a7fbac8fafaed7c982a04e229', 'some_email@domain.com', '123-456-7890', 'Player', 33, '', 'Dustin', 'Crowe', 0, 0, '[]'),
(501, 'joshuaweaver24', 'fe01ce2a7fbac8fafaed7c982a04e229', 'some_email@domain.com', '123-456-7890', 'Player', 33, '', 'Joshua', 'Weaver', 0, 0, '[]'),
(502, 'eligwhaley', 'fe01ce2a7fbac8fafaed7c982a04e229', 'some_email@domain.com', '123-456-7890', 'Player', 33, '', 'Eli', 'Whaley', 0, 0, '[]'),
(503, 'davidmartin', 'fe01ce2a7fbac8fafaed7c982a04e229', 'some_email@domain.com', '123-456-7890', 'Player', 33, '', 'Dave', 'Martin', 0, 0, '[]'),
(504, 'adfuhs@gmail.com', 'fe01ce2a7fbac8fafaed7c982a04e229', 'some_email@domain.com', '123-456-7890', 'Player', 33, '', 'Aaron', 'Fuhs', 0, 0, '[]'),
(505, 'milleradamross', 'fe01ce2a7fbac8fafaed7c982a04e229', 'some_email@domain.com', '123-456-7890', 'Player', 33, '', 'Adam', 'Miller', 0, 0, '[]'),
(506, 'stzaborowski46', 'fe01ce2a7fbac8fafaed7c982a04e229', 'some_email@domain.com', '123-456-7890', 'Player', 33, '', 'Steve', 'Zaborowski', 0, 0, '[]'),
(507, 'nkiehl96', 'fe01ce2a7fbac8fafaed7c982a04e229', 'some_email@domain.com', '123-456-7890', 'Player', 33, '', 'Nick', 'Kiehl', 0, 0, '[]'),
(508, 'jdmasty', 'fe01ce2a7fbac8fafaed7c982a04e229', 'some_email@domain.com', '123-456-7890', 'Player', 33, '', 'Justin', 'Masterson', 0, 0, '[]'),
(509, 'bradywebster6', 'fe01ce2a7fbac8fafaed7c982a04e229', 'some_email@domain.com', '123-456-7890', 'Player', 33, '', 'Brady', 'Webster', 0, 0, '[]'),
(510, 'ksarosen', 'fe01ce2a7fbac8fafaed7c982a04e229', 'some_email@domain.com', '123-456-7890', 'Player', 33, '', 'Kyle', 'Arosen', 0, 0, '[]'),
(511, 'bmac2121', 'fe01ce2a7fbac8fafaed7c982a04e229', 'some_email@domain.com', '123-456-7890', 'Player', 33, '', 'Bryan', 'McDowell', 0, 0, '[]'),
(512, 'tclark', 'fe01ce2a7fbac8fafaed7c982a04e229', 'some_email@domain.com', '123-456-7890', 'Player', 13, 'Bub', 'Taylor', 'Clark', 0, 1, '[\"1stBase\",\"Outfield\"]'),
(513, 'elegler', 'fe01ce2a7fbac8fafaed7c982a04e229', 'some_email@domain.com', '123-456-7890', 'Player', 13, 'yeezy', 'Elijah', 'Legler', 0, 1, '[\"Outfield\"]'),
(514, 'BradBartlett', 'fe01ce2a7fbac8fafaed7c982a04e229', 'some_email@domain.com', '123-456-7890', 'Player', 32, '', 'Brad', 'Bartlett', 0, 0, '[\"2ndBase\",\"Catcher\"]'),
(515, 'montidale', 'fe01ce2a7fbac8fafaed7c982a04e229', 'some_email@domain.com', '123-456-7890', 'Player', 28, '', 'Monte', 'Edwards', 0, 1, '[]'),
(516, 'brian.pisula', 'fe01ce2a7fbac8fafaed7c982a04e229', 'some_email@domain.com', '123-456-7890', 'Player', 28, '', 'Brian', 'Pisula', 0, 1, '[]'),
(517, 'aashabraner', 'fe01ce2a7fbac8fafaed7c982a04e229', 'some_email@domain.com', '123-456-7890', 'Player', 28, '', 'Aaron', 'Ashabraner', 0, 1, '[]');
INSERT INTO `users` (`id`, `username`, `password`, `email`, `phone`, `rank`, `team`, `nickname`, `fname`, `lname`, `prefernick`, `haswaiver`, `teamposition`) VALUES
(518, 'Hughey', 'fe01ce2a7fbac8fafaed7c982a04e229', 'some_email@domain.com', '123-456-7890', 'Player', 31, 'Hughey', 'Clinton', 'Hughey', 0, 1, '[\"Catcher\",\"Outfield\"]'),
(519, 'Schuermann', 'fe01ce2a7fbac8fafaed7c982a04e229', 'some_email@domain.com', '123-456-7890', 'Player', 31, 'Mr. Shoe', 'Matt', 'Schuermann', 0, 1, '[\"1stBase\"]'),
(520, 'Parks', 'fe01ce2a7fbac8fafaed7c982a04e229', 'some_email@domain.com', '123-456-7890', 'Player', 31, 'Parks & Rec', 'Matthew', 'Parks', 0, 1, '[\"1stBase\",\"Outfield\"]'),
(521, 'Dearmin', 'fe01ce2a7fbac8fafaed7c982a04e229', 'some_email@domain.com', '123-456-7890', 'Player', 31, 'Yeah-Yeah', 'Zach', 'Dearmin', 0, 1, '[\"Catcher\"]'),
(522, 'austenpitman', 'fe01ce2a7fbac8fafaed7c982a04e229', 'some_email@domain.com', '123-456-7890', 'Player', 14, '', 'Austen', 'Pitman', 0, 1, '[]'),
(523, 'alexkraus', 'fe01ce2a7fbac8fafaed7c982a04e229', 'some_email@domain.com', '123-456-7890', 'Player', 14, '', 'Alex', 'Kraus', 0, 1, '[]'),
(524, 'RAHARTOG', 'fe01ce2a7fbac8fafaed7c982a04e229', 'some_email@domain.com', '123-456-7890', 'Player', 8, '', 'Randy', 'Hartog', 0, 0, '[]'),
(525, 'IACARROL', 'fe01ce2a7fbac8fafaed7c982a04e229', 'some_email@domain.com', '123-456-7890', 'Player', 8, '', 'Ian', 'Carrol', 0, 0, '[]'),
(526, 'Ryan Spears', 'fe01ce2a7fbac8fafaed7c982a04e229', 'some_email@domain.com', '123-456-7890', 'Player', 11, '', 'Ryan', 'Spears', 0, 0, '[\"2ndBase\"]'),
(527, 'Aaron Hoefling', 'fe01ce2a7fbac8fafaed7c982a04e229', 'some_email@domain.com', '123-456-7890', 'Player', 11, '', 'Aaron', 'Hoefling', 0, 1, '[\"1stBase\"]'),
(528, 'Steve Haller', 'fe01ce2a7fbac8fafaed7c982a04e229', 'some_email@domain.com', '123-456-7890', 'Player', 11, '', 'Steve', 'Haller', 0, 0, '[\"Outfield\"]'),
(529, 'Lukas Waak', 'fe01ce2a7fbac8fafaed7c982a04e229', 'some_email@domain.com', '123-456-7890', 'Player', 11, '', 'Lukas', 'Waak', 0, 0, '[\"Outfield\"]'),
(530, 'BGMOORE', 'fe01ce2a7fbac8fafaed7c982a04e229', 'some_email@domain.com', '123-456-7890', 'Player', 8, '', 'BG', 'Moore', 0, 1, '[]'),
(531, 'bgately15', 'fe01ce2a7fbac8fafaed7c982a04e229', 'some_email@domain.com', '123-456-7890', 'Player', 2, '', 'Brian', 'Gately', 0, 0, '[\"Catcher\"]'),
(532, 'sfaust', 'fe01ce2a7fbac8fafaed7c982a04e229', 'some_email@domain.com', '123-456-7890', 'Player', 15, '', 'Sam', 'Faust', 0, 0, '[]'),
(534, 'TYSUGG', 'fe01ce2a7fbac8fafaed7c982a04e229', 'some_email@domain.com', '123-456-7890', 'Player', 8, '', 'Tyler', 'Sugg', 0, 1, '[\"2ndBase\",\"3rdBase\",\"Shortstop\",\"Outfield\"]'),
(535, 'justin.m.lawhorn', 'fe01ce2a7fbac8fafaed7c982a04e229', 'some_email@domain.com', '123-456-7890', 'Player', 26, '', 'Justin', 'Lawhorn', 0, 0, '[]'),
(536, 'MBekebrede', 'fe01ce2a7fbac8fafaed7c982a04e229', 'some_email@domain.com', '123-456-7890', 'Player', 26, '', 'Michael', 'Bekebrede', 0, 1, '[]'),
(537, 'Baxter', 'fe01ce2a7fbac8fafaed7c982a04e229', 'some_email@domain.com', '123-456-7890', 'Player', 13, '', 'Sebastian', 'Baxter', 0, 1, '[\"Outfield\"]'),
(538, 'tryan1998', 'fe01ce2a7fbac8fafaed7c982a04e229', 'some_email@domain.com', '123-456-7890', 'Player', 3, '', 'Tyler', 'Ryan', 0, 0, '[\"2ndBase\"]'),
(539, 'gregs1', 'fe01ce2a7fbac8fafaed7c982a04e229', 'some_email@domain.com', '123-456-7890', 'Player', 3, '', 'Greg', 'Smith', 0, 0, '[]'),
(540, 'JalenTN', 'fe01ce2a7fbac8fafaed7c982a04e229', 'some_email@domain.com', '123-456-7890', 'Player', 3, '', 'Jalen', 'Thorton', 0, 0, '[]'),
(541, 'RyneT', 'fe01ce2a7fbac8fafaed7c982a04e229', 'some_email@domain.com', '123-456-7890', 'Player', 3, '', 'Ryne', 'Thorton', 0, 0, '[]');





CREATE TABLE `waivers` (
  `id` int(11) NOT NULL,
  `user` int(11) NOT NULL,
  `wtype` tinytext NOT NULL,
  `wdate` date NOT NULL,
  `signature` tinytext NOT NULL,
  `isminor` tinyint(1) NOT NULL
) ENGINE=InnoDB DEFAULT CHARSET=latin1;



INSERT INTO `waivers` (`id`, `user`, `wtype`, `wdate`, `signature`, `isminor`) VALUES
(1, 4, 'Coach', '2017-05-15', 'David Peters', 0),
(2, 4, 'Player', '2017-05-15', 'David Peters', 0),
(3, 33, 'Coach', '2017-06-13', 'Seth Paladin', 0),
(4, 33, 'Player', '2017-06-13', 'Seth Paladin', 0),
(5, 26, 'Coach', '2017-06-13', 'Craig Durbin', 0),
(6, 26, 'Coach', '2017-06-13', 'Craig Durbin', 0),
(7, 26, 'Coach', '2017-06-13', 'Craig Durbin', 0),
(8, 19, 'Coach', '2017-06-13', 'Kevin Wagner', 0),
(9, 19, 'Coach', '2017-06-13', 'Kevin Wagner', 0),
(10, 19, 'Coach', '2017-06-13', 'Kevin Wagner', 0),
(11, 23, 'Coach', '2017-06-13', 'Jim mcgowan', 0),
(12, 23, 'Coach', '2017-06-13', 'Jim mcgowan', 0),
(13, 23, 'Coach', '2017-06-13', 'Jim mcgowan', 0),
(14, 22, 'Coach', '2017-06-13', 'Andy Gholson', 0),
(15, 22, 'Player', '2017-06-13', 'Andy Gholson', 0),
(16, 24, 'Coach', '2017-06-13', 'Nate Woods', 0),
(17, 24, 'Coach', '2017-06-13', 'Nate Woods', 0),
(18, 24, 'Coach', '2017-06-13', 'Nate Woods', 0),
(19, 25, 'Coach', '2017-06-13', 'Kevin Lambert', 0),
(20, 25, 'Player', '2017-06-13', 'Kevin Lambert', 0),
(21, 36, 'Coach', '2017-06-13', 'Clint knight', 0),
(22, 36, 'Coach', '2017-06-13', 'Clint knight', 0),
(23, 36, 'Coach', '2017-06-13', 'Clint knight', 0),
(24, 37, 'Coach', '2017-06-13', 'George Baker', 0),
(25, 37, 'Coach', '2017-06-13', 'George Baker', 0),
(26, 37, 'Coach', '2017-06-13', 'George Baker', 0),
(27, 20, 'Coach', '2017-06-14', 'Pete Ringenberg', 0),
(28, 20, 'Coach', '2017-06-14', 'Pete Ringenberg', 0),
(29, 20, 'Coach', '2017-06-14', 'Pete Ringenberg', 0),
(30, 34, 'Coach', '2017-06-14', 'Jesse Wilson', 0),
(31, 34, 'Coach', '2017-06-14', 'Jesse Wilson', 0),
(32, 34, 'Coach', '2017-06-14', 'Jesse Wilson', 0),
(33, 29, 'Coach', '2017-06-15', 'nathan gau', 0),
(34, 29, 'Coach', '2017-06-15', 'nathan gau', 0),
(35, 29, 'Coach', '2017-06-15', 'nathan gau', 0),
(36, 35, 'Coach', '2017-06-19', 'derek miller', 0),
(37, 35, 'Player', '2017-06-19', 'derek miller', 0),
(38, 32, 'Coach', '2017-06-19', 'David Clark', 0),
(39, 32, 'Player', '2017-06-19', 'David Clark', 0),
(40, 38, 'Player', '2017-06-19', 'Daniel Levitus', 0),
(41, 39, 'Player', '2017-06-19', 'Nathan Ashley', 0),
(42, 30, 'Coach', '2017-06-20', 'Paul Otto', 0),
(43, 30, 'Coach', '2017-06-20', 'Paul Otto', 0),
(44, 30, 'Coach', '2017-06-20', 'Paul Otto', 0),
(45, 31, 'Coach', '2017-06-20', 'Don Gee', 0),
(46, 31, 'Coach', '2017-06-20', 'Don Gee', 0),
(47, 28, 'Coach', '2017-06-22', 'David Cole', 0),
(48, 28, 'Coach', '2017-06-22', 'David Cole', 0),
(49, 27, 'Coach', '2017-06-22', 'Jeffrey Lockhart', 0),
(50, 27, 'Coach', '2017-06-22', 'Jeffrey Lockhart', 0),
(51, 27, 'Coach', '2017-06-22', 'Jeffrey Lockhart', 0),
(52, 21, 'Coach', '2017-06-26', 'Adam Daulton', 0),
(53, 21, 'Coach', '2017-06-26', 'Adam Daulton', 0),
(54, 21, 'Coach', '2017-06-26', 'Adam Daulton', 0),
(55, 28, 'Coach', '2017-06-26', 'David Cole', 0),
(56, 46, 'Player', '2017-06-26', 'Steve Wehmeier', 0),
(57, 52, 'Player', '2017-06-26', 'Ed Jackson', 0),
(58, 50, 'Player', '2017-06-26', 'Ben Moore', 0),
(59, 49, 'Player', '2017-06-26', 'Tyler Madere', 0),
(60, 55, 'Player', '2017-06-26', 'Randy Woodring', 0),
(61, 45, 'Player', '2017-06-26', 'Eric Lyons', 0),
(62, 41, 'Player', '2017-06-27', 'Cameron Schuh', 0),
(63, 56, 'Player', '2017-07-03', 'Darren Long', 0),
(64, 57, 'Coach', '2017-07-22', 'test coach', 0),
(65, 57, 'Player', '2017-07-22', 'test coach', 0),
(66, 32, 'Coach', '2017-08-07', 'David Clark', 0),
(67, 32, 'Coach', '2017-08-07', 'David Clark', 0),
(68, 32, 'Coach', '2017-08-07', 'David Clark', 0),
(69, 57, 'Player', '2017-08-07', 'Jeff klavon', 0),
(70, 61, 'Player', '2017-08-07', 'Ben Trewartha', 0),
(71, 67, 'Player', '2017-08-07', 'Brittany Trewartha', 0),
(72, 70, 'Player', '2017-08-07', 'Christian McCoy', 0),
(73, 64, 'Player', '2017-08-07', 'Ali Soderlund', 0),
(74, 58, 'Player', '2017-08-07', 'Adam Vogel', 0),
(75, 73, 'Player', '2017-08-07', 'Joanna klavon', 0),
(76, 4, 'Coach', '2018-03-12', 'David Peters', 0),
(77, 4, 'Coach', '2018-03-12', 'David Peters', 0),
(78, 4, 'Coach', '2018-03-12', 'David Peters', 0),
(79, 74, 'Coach', '2018-03-13', 'test test', 0),
(80, 74, 'Player', '2018-03-13', 'test test', 0),
(81, 28, 'Coach', '2018-04-23', 'David Cole', 0),
(82, 28, 'Player', '2018-04-23', 'David Cole', 0),
(83, 71, 'Player', '2018-04-24', 'Jason Soderlund', 0),
(84, 76, 'Player', '2018-04-26', 'Jimmy King', 0),
(85, 37, 'Player', '2018-04-29', 'George Baker', 0),
(86, 37, 'Player', '2018-04-29', 'George Baker', 0),
(87, 37, 'Player', '2018-04-29', 'George Baker', 0),
(88, 37, 'Coach', '2018-04-29', 'George Baker', 0),
(89, 37, 'Coach', '2018-04-29', 'George Baker', 0),
(90, 37, 'Coach', '2018-04-29', 'George Baker', 0),
(91, 19, 'Coach', '2018-05-01', 'Kevin Wagner', 0),
(92, 19, 'Player', '2018-05-01', 'Kevin Wagner', 0),
(93, 78, 'Player', '2018-05-03', 'Nathan Ashley', 0),
(94, 77, 'Player', '2018-05-04', 'Ken Dane', 0),
(95, 75, 'Player', '2018-05-04', 'Zach Crimmins', 0),
(96, 74, 'Player', '2018-05-04', 'Jacob McCoy', 0),
(97, 80, 'Player', '2018-05-07', 'Dave Putnam', 0),
(98, 36, 'Coach', '2018-05-07', 'Clint Knight', 0),
(99, 36, 'Player', '2018-05-07', 'Clint Knight', 0),
(100, 26, 'Coach', '2018-05-07', 'Craig Durbin', 0),
(101, 26, 'Player', '2018-05-07', 'Craig Durbin', 0),
(102, 92, 'Player', '2018-05-07', 'Marc Kramer', 0),
(103, 85, 'Player', '2018-05-07', 'Adam Tinker', 0),
(104, 84, 'Player', '2018-05-07', 'Aaron Smith', 0),
(105, 91, 'Player', '2018-05-07', 'Jade West', 0),
(106, 97, 'Player', '2018-05-07', 'Josh Cernero', 0),
(107, 87, 'Player', '2018-05-07', 'Brian Norris', 0),
(108, 22, 'Coach', '2018-05-07', 'Andy Gholson', 0),
(109, 22, 'Player', '2018-05-07', 'Andy Gholson', 0),
(110, 82, 'Coach', '2018-05-08', 'Kevin Wagner', 0),
(111, 82, 'Player', '2018-05-08', 'Kevin Wagner', 0),
(112, 108, 'Player', '2018-05-08', 'Tom Lester', 0),
(113, 101, 'Player', '2018-05-08', 'Matt Thistle', 0),
(114, 103, 'Player', '2018-05-08', 'Bryant Wagner', 0),
(115, 89, 'Player', '2018-05-08', 'Chris Steininger', 0),
(116, 105, 'Player', '2018-05-08', 'Greg Clements', 0),
(117, 106, 'Player', '2018-05-08', 'Jeb Rice', 0),
(118, 32, 'Coach', '2018-05-08', 'David Clark', 0),
(119, 32, 'Player', '2018-05-08', 'David Clark', 0),
(120, 107, 'Player', '2018-05-08', 'Zeke Turner', 0),
(121, 102, 'Player', '2018-05-08', 'Nick Kiehl', 0),
(122, 112, 'Player', '2018-05-08', 'John Hornaday', 0),
(123, 79, 'Coach', '2018-05-08', 'Caleb Bullock', 0),
(124, 96, 'Player', '2018-05-08', 'jerry barker', 0),
(125, 113, 'Player', '2018-05-08', 'Dave Smyth', 0),
(126, 27, 'Player', '2018-05-08', 'Jeffrey Lockhart', 0),
(127, 27, 'Player', '2018-05-08', 'Jeffrey Lockhart', 0),
(128, 20, 'Coach', '2018-05-08', 'Pete Ringenberg', 0),
(129, 20, 'Player', '2018-05-08', 'Pete Ringenberg', 0),
(130, 110, 'Player', '2018-05-08', 'Zach Ulrey', 0),
(131, 109, 'Player', '2018-05-08', 'Chris Nigh', 0),
(132, 80, 'Coach', '2018-05-08', 'Dave Putnam', 0),
(133, 128, 'Player', '2018-05-08', 'Kyle Fredricks', 0),
(134, 127, 'Player', '2018-05-08', 'Garrett Mathison', 0),
(135, 88, 'Player', '2018-05-08', 'Cameron myers', 0),
(136, 74, 'Player', '2018-05-08', 'Jacob McCoy', 0),
(137, 40, 'Player', '2018-05-08', 'David Brown', 0),
(138, 93, 'Player', '2018-05-08', 'Matt Phillips', 0),
(139, 90, 'Player', '2018-05-08', 'David Brown', 1),
(140, 94, 'Player', '2018-05-08', 'Rick Denny', 0),
(141, 86, 'Player', '2018-05-08', 'Andy Durnell', 1),
(142, 95, 'Player', '2018-05-08', 'Cam Myers', 1),
(143, 111, 'Player', '2018-05-08', 'Matt Davis', 0),
(144, 140, 'Player', '2018-05-08', 'clint knight', 0),
(145, 138, 'Player', '2018-05-08', 'Marc aldarondo', 0),
(146, 132, 'Player', '2018-05-08', 'Anthony Aldarondo', 0),
(147, 83, 'Player', '2018-05-08', 'Mike Knotts', 0),
(148, 83, 'Coach', '2018-05-08', 'Mike Knotts', 0),
(149, 142, 'Player', '2018-05-08', 'Alex aldarondo', 0),
(150, 143, 'Player', '2018-05-08', 'Jerry Campbell', 0),
(151, 145, 'Player', '2018-05-08', 'Brandon Benfield', 0),
(152, 149, 'Player', '2018-05-08', 'Aaron Ashabraner', 0),
(153, 135, 'Player', '2018-05-08', 'Jared Cochran', 0),
(154, 134, 'Player', '2018-05-08', 'Cory Shipman', 0),
(155, 137, 'Player', '2018-05-08', 'Josh Lipe', 0),
(156, 131, 'Player', '2018-05-09', 'andrew saari', 0),
(157, 57, 'Player', '2018-05-09', 'Jeff Klavon', 0),
(158, 129, 'Player', '2018-05-09', 'Jerry Ackerman', 0),
(159, 117, 'Player', '2018-05-09', 'John Beyer', 0),
(160, 75, 'Player', '2018-05-09', 'Zach Crimmins', 0),
(161, 125, 'Player', '2018-05-09', 'Kevin Berger', 0),
(162, 58, 'Player', '2018-05-09', 'Adam Vogel', 0),
(163, 123, 'Player', '2018-05-09', 'Al Gehring', 0),
(164, 34, 'Coach', '2018-05-09', 'Jesse Wilson', 0),
(165, 34, 'Player', '2018-05-09', 'Jesse Wilson', 0),
(166, 27, 'Coach', '2018-05-09', 'Jeffrey Lockhart', 0),
(167, 27, 'Coach', '2018-05-09', 'Jeffrey Lockhart', 0),
(168, 27, 'Coach', '2018-05-09', 'Jeffrey Lockhart', 0),
(169, 27, 'Coach', '2018-05-09', 'Jeffrey Lockhart', 0),
(170, 27, 'Coach', '2018-05-09', 'Jeffrey Lockhart', 0),
(171, 27, 'Player', '2018-05-09', 'Jeffrey Lockhart', 0),
(172, 27, 'Coach', '2018-05-09', 'Jeffrey Lockhart', 0),
(173, 27, 'Coach', '2018-05-09', 'Jeffrey Lockhart', 0),
(174, 27, 'Player', '2018-05-09', 'Jeffrey Lockhart', 0),
(175, 27, 'Coach', '2018-05-09', 'Jeffrey Lockhart', 0),
(176, 25, 'Coach', '2018-05-09', 'Kevin Lambert', 0),
(177, 25, 'Player', '2018-05-09', 'Kevin Lambert', 0),
(178, 172, 'Player', '2018-05-10', 'Dennis Glover', 0),
(179, 179, 'Player', '2018-05-10', 'Seth Paladin', 0),
(180, 169, 'Player', '2018-05-10', 'Ben Fuller', 0),
(181, 178, 'Player', '2018-05-10', 'Ryan Thomas', 0),
(182, 176, 'Player', '2018-05-10', 'Nick Gapinski', 0),
(183, 23, 'Coach', '2018-05-11', 'Jim McGowan', 0),
(184, 23, 'Player', '2018-05-11', 'Jim McGowan', 0),
(185, 141, 'Player', '2018-05-11', 'Shawn Moore', 0),
(186, 150, 'Player', '2018-05-14', 'Zack Parker', 0),
(187, 24, 'Coach', '2018-05-14', 'Nate Woods', 0),
(188, 24, 'Player', '2018-05-14', 'Nate Woods', 0),
(189, 28, 'Coach', '2018-05-14', 'david cole', 0),
(190, 28, 'Player', '2018-05-14', 'david cole', 0),
(191, 177, 'Player', '2018-05-14', 'Ryan Ade', 0),
(192, 133, 'Player', '2018-05-14', 'Chris Hodnett', 0),
(193, 196, 'Player', '2018-05-14', 'Chris Gipson', 0),
(194, 193, 'Player', '2018-05-14', 'Andrew Roy', 0),
(195, 195, 'Player', '2018-05-14', 'Albert Gonzalez', 0),
(196, 186, 'Player', '2018-05-14', 'Marcus Manges', 0),
(197, 174, 'Player', '2018-05-14', 'Micah Abbott', 0),
(198, 144, 'Player', '2018-05-14', 'Doug Haney', 0),
(199, 173, 'Player', '2018-05-14', 'Martin Strother', 0),
(200, 98, 'Player', '2018-05-14', 'Mark Mattingly', 0),
(201, 181, 'Coach', '2018-05-14', 'Keith Winiger', 0),
(202, 181, 'Player', '2018-05-14', 'Keith Winiger', 0),
(203, 147, 'Player', '2018-05-15', 'Jonathan Reinking', 0),
(204, 198, 'Coach', '2018-05-15', 'test coach', 0),
(205, 198, 'Player', '2018-05-15', 'test coach', 0),
(206, 49, 'Player', '2018-05-16', 'Tyler Madere', 0),
(207, 151, 'Player', '2018-05-17', 'Matthew Pritchard', 0),
(208, 152, 'Player', '2018-05-17', 'Brent DeWeese', 0),
(209, 37, 'Coach', '2018-05-17', 'George Baker', 0),
(210, 37, 'Player', '2018-05-17', 'George Baker', 0),
(211, 78, 'Player', '2018-05-18', 'Nathan Ashley', 0),
(212, 77, 'Player', '2018-05-18', 'Ken Dane', 0),
(213, 71, 'Player', '2018-05-18', 'Jason Soderlund', 0),
(214, 136, 'Player', '2018-05-21', 'Jeff Mitchell', 0),
(215, 130, 'Player', '2018-05-21', 'alex abell', 0),
(216, 199, 'Player', '2018-05-21', 'jack mitchell', 0),
(217, 183, 'Player', '2018-05-21', 'Kyle Brooks', 0),
(218, 200, 'Player', '2018-05-21', 'Eric noyer', 0),
(219, 217, 'Player', '2018-05-21', 'George Baker', 0),
(220, 115, 'Player', '2018-05-22', 'Mike Roth', 0),
(221, 218, 'Player', '2018-05-24', 'Chad Arnold', 0),
(222, 218, 'Coach', '2018-05-24', 'Chad Arnold', 0),
(223, 35, 'Coach', '2018-06-07', 'Derek miller', 0),
(224, 35, 'Player', '2018-06-07', 'Derek miller', 0),
(225, 171, 'Player', '2018-06-10', 'Chad Smith', 0),
(226, 100, 'Player', '2018-06-11', 'Zack ritz', 0),
(227, 185, 'Player', '2018-06-11', 'Francis Ramirez', 0),
(228, 194, 'Player', '2018-06-11', 'Spencer Rackley', 0),
(229, 189, 'Player', '2018-06-11', 'Jeff Kraus', 0),
(230, 184, 'Player', '2018-06-12', 'Bryan Clemens', 0),
(231, 83, 'Coach', '2019-02-21', 'Mike Knotts', 0),
(232, 83, 'Player', '2019-02-21', 'Mike Knotts', 0),
(233, 26, 'Coach', '2019-02-24', 'Craig Durbin', 0),
(234, 26, 'Player', '2019-02-24', 'Craig Durbin', 0),
(235, 27, 'Coach', '2019-03-02', 'Jeffrey Lockhart', 0),
(236, 27, 'Player', '2019-03-02', 'Jeffrey Lockhart', 0),
(237, 28, 'Coach', '2019-03-04', 'David Cole', 0),
(238, 28, 'Player', '2019-03-04', 'David Cole', 0),
(239, 82, 'Coach', '2019-03-05', 'Kevin Wagner', 0),
(240, 82, 'Player', '2019-03-05', 'Kevin Wagner', 0),
(241, 4, 'Coach', '2019-03-05', 'David Peters', 0),
(242, 4, 'Player', '2019-03-05', 'David Peters', 0),
(243, 220, 'Coach', '2019-03-09', 'Bryant Wagner', 0),
(244, 220, 'Player', '2019-03-09', 'Bryant Wagner', 0),
(245, 105, 'Player', '2019-03-11', 'Greg Clements', 0),
(246, 223, 'Player', '2019-03-11', 'Steven Porto', 0),
(247, 111, 'Player', '2019-03-11', 'Matt Davis', 0),
(248, 225, 'Player', '2019-03-12', 'Daniel Powell', 0),
(249, 221, 'Player', '2019-03-14', 'Andrew Hipskind', 0),
(250, 222, 'Player', '2019-03-14', 'Evan Carter', 0),
(251, 222, 'Player', '2019-03-14', 'Evan Carter', 0),
(252, 102, 'Player', '2019-03-18', 'Nick Kiehl', 0),
(253, 112, 'Player', '2019-03-23', 'John Hornaday', 0),
(254, 144, 'Player', '2019-03-26', 'Doug Haney', 0),
(255, 224, 'Player', '2019-03-26', 'Zach Kinning', 0),
(256, 32, 'Coach', '2019-03-29', 'David Clark', 0),
(257, 32, 'Player', '2019-03-29', 'David Clark', 0),
(258, 101, 'Player', '2019-03-29', 'Matt Thistle', 0),
(259, 109, 'Player', '2019-03-30', 'Chris Nigh', 0),
(260, 108, 'Player', '2019-03-30', 'Tom Lester', 0),
(261, 228, 'Player', '2019-04-02', 'Andy Behrmann', 0),
(262, 75, 'Player', '2019-04-02', 'Zach Crimmins', 0),
(263, 76, 'Player', '2019-04-02', 'Jimmy King', 0),
(264, 179, 'Player', '2019-04-02', 'Seth Paladin', 0),
(265, 106, 'Player', '2019-04-02', 'Jeb Rice', 0),
(266, 71, 'Player', '2019-04-03', 'Jason Soderlund', 0),
(267, 61, 'Player', '2019-04-03', 'Ben trewartha', 0),
(268, 58, 'Player', '2019-04-04', 'Adam Vogel', 0),
(269, 20, 'Coach', '2019-04-08', 'Pete Ringenberg', 0),
(270, 20, 'Player', '2019-04-08', 'Pete Ringenberg', 0),
(271, 229, 'Player', '2019-04-08', 'Tim Krueckeberg', 0),
(272, 230, 'Player', '2019-04-08', 'Tim Krueckeberg', 1),
(273, 77, 'Player', '2019-04-08', 'Ken Dane', 0),
(274, 79, 'Coach', '2019-04-19', 'Caleb Bullock', 0),
(275, 80, 'Coach', '2019-04-19', 'Dave Putnam', 0),
(276, 35, 'Coach', '2019-04-20', 'Derek Miller', 0),
(277, 35, 'Player', '2019-04-20', 'Derek Miller', 0),
(278, 234, 'Coach', '2019-04-21', 'Erik Pedersen', 0),
(279, 23, 'Coach', '2019-04-22', 'Jim McGowan', 0),
(280, 181, 'Coach', '2019-04-22', 'Keith Winiger', 0),
(281, 181, 'Player', '2019-04-22', 'keith Winiger', 0),
(282, 236, 'Coach', '2019-04-22', 'Jeff Johnson', 0),
(283, 236, 'Player', '2019-04-22', 'Jeff Johnson', 0),
(284, 238, 'Coach', '2019-04-22', 'Shawn Yoder', 0),
(285, 238, 'Player', '2019-04-22', 'Shawn Yoder', 0),
(286, 24, 'Coach', '2019-04-22', 'Nate Woods', 0),
(287, 24, 'Player', '2019-04-22', 'Nate Woods', 0),
(288, 78, 'Player', '2019-04-22', 'Nathan Ashley', 0),
(289, 34, 'Coach', '2019-04-22', 'Jesse Wilson', 0),
(290, 34, 'Player', '2019-04-22', 'Jesse Wilson', 0),
(291, 25, 'Coach', '2019-04-22', 'Kevin Lambert', 0),
(292, 25, 'Player', '2019-04-22', 'Kevin Lambert', 0),
(293, 235, 'Coach', '2019-04-22', 'Alec Tod', 0),
(294, 234, 'Player', '2019-04-22', 'Erik Pedersen', 0),
(295, 239, 'Player', '2019-04-22', 'Bryant Wagner', 0),
(296, 127, 'Player', '2019-04-22', 'Garrett Mathison', 0),
(297, 37, 'Coach', '2019-04-22', 'George Baker', 0),
(298, 37, 'Player', '2019-04-22', 'George Baker', 0),
(299, 110, 'Player', '2019-04-23', 'zach ulrey', 0),
(300, 117, 'Player', '2019-04-23', 'John Beyer', 0),
(301, 49, 'Player', '2019-04-24', 'Tyler Madere', 0),
(302, 256, 'Player', '2019-04-24', 'Peter Wallace', 0),
(303, 219, 'Player', '2019-04-24', 'Michael Sechrest', 0),
(304, 218, 'Player', '2019-04-24', 'Chad Arnold', 0),
(305, 218, 'Coach', '2019-04-24', 'Chad Arnold', 0),
(306, 258, 'Player', '2019-04-24', 'Nick Deal', 0),
(307, 277, 'Player', '2019-04-24', 'Aaron Biermann', 0),
(308, 271, 'Player', '2019-04-24', 'Nick Nunez', 0),
(309, 147, 'Player', '2019-04-25', 'Jonathan Reinking', 0),
(310, 123, 'Player', '2019-04-25', 'Al Gehring', 0),
(311, 215, 'Player', '2019-04-25', 'Nick Babb', 0),
(312, 286, 'Player', '2019-04-26', 'Kevin Berger', 0),
(313, 279, 'Player', '2019-04-26', 'Chris Griego', 0),
(314, 298, 'Player', '2019-04-26', 'William Senior', 0),
(315, 292, 'Player', '2019-04-26', 'Caleb Peters', 0),
(316, 85, 'Player', '2019-04-26', 'Adam Tinker', 0),
(317, 290, 'Player', '2019-04-26', 'Andy Nelson', 0),
(318, 8, 'Player', '2019-04-26', 'Treg Harris', 0),
(319, 281, 'Player', '2019-04-27', 'Greg Lane', 0),
(320, 287, 'Player', '2019-04-28', 'Daniel Paul', 0),
(321, 119, 'Player', '2019-04-29', 'Chris Poland', 0),
(322, 249, 'Player', '2019-04-29', 'Clay Slaughter', 0),
(323, 293, 'Player', '2019-04-29', 'Jacob Creel', 0),
(324, 80, 'Player', '2019-04-29', 'Dave Putnam', 0),
(325, 244, 'Player', '2019-04-30', 'Preston Currie', 0),
(326, 246, 'Player', '2019-04-30', 'Justin LaFrentz', 0),
(327, 274, 'Player', '2019-04-30', 'Tim Lucas', 0),
(328, 251, 'Player', '2019-04-30', 'Brandon Busuttil', 0),
(329, 250, 'Player', '2019-04-30', 'Chris Maloney', 0),
(330, 278, 'Player', '2019-04-30', 'Nate Jarrett', 0),
(331, 213, 'Player', '2019-04-30', 'Josh Guyer', 0),
(332, 202, 'Player', '2019-04-30', 'Mo Guyer', 0),
(333, 296, 'Player', '2019-05-01', 'Will Mulvihill', 1),
(334, 299, 'Player', '2019-05-01', 'Peter Ringenberg', 0),
(335, 211, 'Player', '2019-05-01', 'Rory Babb', 0),
(336, 328, 'Coach', '2019-05-01', 'test coach', 0),
(337, 328, 'Player', '2019-05-01', 'test coach', 0),
(338, 335, 'Player', '2019-05-01', 'Erik Pedersen', 0),
(339, 336, 'Player', '2019-05-01', 'Cole Heberling', 0),
(340, 334, 'Player', '2019-05-01', 'Zach Allen', 0),
(341, 331, 'Player', '2019-05-01', 'Wesley Freeman', 0),
(342, 332, 'Player', '2019-05-01', 'Sam Linete', 0),
(343, 337, 'Player', '2019-05-01', 'Bryan Sigmon', 0),
(344, 344, 'Player', '2019-05-01', 'Ty Combs', 0),
(345, 333, 'Player', '2019-05-01', 'Luke Mehringer', 0),
(346, 342, 'Player', '2019-05-01', 'Andy Riemersma', 0),
(347, 343, 'Player', '2019-05-01', 'Kevin entwistle', 0),
(348, 315, 'Player', '2019-05-01', 'John Schumm', 0),
(349, 320, 'Player', '2019-05-01', 'Paul Norton', 0),
(350, 321, 'Player', '2019-05-01', 'Joe buhle', 0),
(351, 327, 'Player', '2019-05-01', 'Sean Dowling', 0),
(352, 323, 'Player', '2019-05-01', 'Chris LeCompte', 0),
(353, 317, 'Player', '2019-05-01', 'Tom Anderson', 0),
(354, 319, 'Player', '2019-05-01', 'Colin McCahill', 0),
(355, 318, 'Player', '2019-05-01', 'Rich Freeman', 0),
(356, 151, 'Player', '2019-05-01', 'Matthew Pritchard', 0),
(357, 330, 'Player', '2019-05-01', 'Andrew Osborne', 0),
(358, 146, 'Player', '2019-05-01', 'Steve Shoemaker', 0),
(359, 87, 'Player', '2019-05-01', 'Brian Norris', 0),
(360, 284, 'Player', '2019-05-01', 'Jerry Campbell', 0),
(361, 325, 'Player', '2019-05-01', 'Hunter Edwards', 0),
(362, 326, 'Player', '2019-05-01', 'Mitch Buis', 0),
(363, 340, 'Player', '2019-05-01', 'Issac(Ike) Homburg', 0),
(364, 72, 'Player', '2019-05-02', 'David Clark', 0),
(365, 57, 'Player', '2019-05-02', 'Jeff klavon', 0),
(366, 339, 'Player', '2019-05-02', 'tyler canada', 0),
(367, 122, 'Player', '2019-05-02', 'Nick Vandergrift', 0),
(368, 74, 'Player', '2019-05-02', 'Jacob McCoy', 0),
(369, 351, 'Player', '2019-05-02', 'Austin Shepherd', 0),
(370, 324, 'Player', '2019-05-02', 'Jory Hethcote', 0),
(371, 341, 'Player', '2019-05-02', 'Marcus DePeal', 0),
(372, 360, 'Player', '2019-05-02', 'Brady heyne', 0),
(373, 23, 'Player', '2019-05-02', 'Jim McGowan', 0),
(374, 362, 'Player', '2019-05-02', 'Derek Jones', 0),
(375, 369, 'Player', '2019-05-02', 'Jeff Straub', 0),
(376, 194, 'Player', '2019-05-02', 'Spencer Rackley', 0),
(377, 188, 'Player', '2019-05-02', 'Rick Wagner', 0),
(378, 372, 'Player', '2019-05-02', 'Adam Hayford', 0),
(379, 356, 'Player', '2019-05-02', 'Kurt Briede', 0),
(380, 349, 'Player', '2019-05-02', 'Matt Thomas', 0),
(381, 291, 'Player', '2019-05-02', 'Paula Gates', 1),
(382, 79, 'Player', '2019-05-02', 'Caleb Bullock', 0),
(383, 383, 'Player', '2019-05-02', 'Kolton Blickenstaff', 0),
(384, 376, 'Player', '2019-05-02', 'Danny Moore', 0),
(385, 377, 'Player', '2019-05-02', 'Brandon Benfield', 0),
(386, 384, 'Player', '2019-05-02', 'Will Teat', 0),
(387, 371, 'Player', '2019-05-02', 'Sean Hall', 0),
(388, 189, 'Player', '2019-05-02', 'Jeff Kraus', 0),
(389, 385, 'Player', '2019-05-02', 'Francis Ramirez', 0),
(390, 126, 'Player', '2019-05-02', 'Daniel Brunette', 0),
(391, 382, 'Player', '2019-05-02', 'David Cole', 0),
(392, 297, 'Player', '2019-05-02', 'Steve Haller', 0),
(393, 191, 'Player', '2019-05-02', 'Brett Wiggins', 0),
(394, 375, 'Player', '2019-05-02', 'Kenny blickenstaff', 0),
(395, 322, 'Player', '2019-05-02', 'Joe Hyland', 0),
(396, 361, 'Player', '2019-05-03', 'Adam Hiatt', 0),
(397, 91, 'Player', '2019-05-03', 'Jade West', 0),
(398, 89, 'Player', '2019-05-03', 'Chris Steininger', 0),
(399, 354, 'Player', '2019-05-03', 'Rob Atchison', 0),
(400, 96, 'Player', '2019-05-03', 'jerry barker', 0),
(401, 92, 'Player', '2019-05-03', 'Marc Kramer', 0),
(402, 363, 'Player', '2019-05-03', 'Dennis Lizotte', 0),
(403, 40, 'Player', '2019-05-03', 'David Brown', 0),
(404, 387, 'Player', '2019-05-03', 'Tony Rufatto', 0),
(405, 373, 'Player', '2019-05-03', 'Dan Moran', 0),
(406, 196, 'Player', '2019-05-03', 'Chris Gipson', 0),
(407, 90, 'Player', '2019-05-03', 'David Brown', 1),
(408, 380, 'Player', '2019-05-03', 'Ben Fuller', 0),
(409, 346, 'Player', '2019-05-04', 'Don Reeves', 0),
(410, 386, 'Player', '2019-05-04', 'Brian Walters', 0),
(411, 301, 'Player', '2019-05-04', 'Jerome Sack', 0),
(412, 307, 'Player', '2019-05-04', 'Troy Hawkins', 0),
(413, 306, 'Player', '2019-05-04', 'James Nussbaum', 0),
(414, 306, 'Player', '2019-05-04', 'James Nussbaum', 0),
(415, 305, 'Player', '2019-05-04', 'Mark Abraham', 0),
(416, 312, 'Player', '2019-05-04', 'Rueben Allen', 0),
(417, 310, 'Player', '2019-05-04', 'Kyle Palmer', 0),
(418, 309, 'Player', '2019-05-04', 'Kyle Maynor', 0),
(419, 314, 'Player', '2019-05-04', 'Jon Atherton', 0),
(420, 304, 'Player', '2019-05-04', 'David Yurek', 0),
(421, 235, 'Player', '2019-05-04', 'Alec Tod', 0),
(422, 404, 'Player', '2019-05-04', 'Alec Tod', 0),
(423, 405, 'Player', '2019-05-04', 'Jordan Jeran', 0),
(424, 406, 'Player', '2019-05-04', 'Wayland Thompson', 0),
(425, 416, 'Player', '2019-05-04', 'Alex Marsh', 0),
(426, 407, 'Player', '2019-05-04', 'Dwayne Gibbs', 0),
(427, 411, 'Player', '2019-05-04', 'Ransford Walker', 0),
(428, 414, 'Player', '2019-05-04', 'Alex Soller', 0),
(429, 410, 'Player', '2019-05-04', 'Brook Vosler', 0),
(430, 415, 'Player', '2019-05-04', 'Jake Rupp', 0),
(431, 408, 'Player', '2019-05-04', 'Josh Gonzalez', 0),
(432, 413, 'Player', '2019-05-04', 'Josh Mawhorr', 0),
(433, 409, 'Player', '2019-05-04', 'Josiah Grady', 0),
(434, 412, 'Player', '2019-05-04', 'Phillip Thompson', 0),
(435, 237, 'Player', '2019-05-04', 'Michael Morgan', 0),
(436, 417, 'Player', '2019-05-04', 'Matt Dooley', 0),
(437, 288, 'Player', '2019-05-04', 'Aaron Adams', 0),
(438, 389, 'Player', '2019-05-05', 'Josh Ralston', 0),
(439, 303, 'Player', '2019-05-05', 'Adam Daulton', 0),
(440, 308, 'Player', '2019-05-05', 'Elonto Hernandez', 0),
(441, 311, 'Player', '2019-05-05', 'Nick Carter', 0),
(442, 176, 'Player', '2019-05-05', 'Nick Gapinski', 0),
(443, 426, 'Player', '2019-05-05', 'Brian Poulsen', 0),
(444, 398, 'Player', '2019-05-05', 'Neil Garwood', 0),
(445, 167, 'Player', '2019-05-05', 'Dave Putnam', 0),
(446, 156, 'Player', '2019-05-05', 'Brock Erb', 0),
(447, 425, 'Player', '2019-05-05', 'Christian McNeilly', 0),
(448, 93, 'Player', '2019-05-05', 'Matt Phillips', 0),
(449, 98, 'Player', '2019-05-05', 'Mark Mattingly', 0),
(450, 164, 'Player', '2019-05-05', 'Steve gotwals', 0),
(451, 177, 'Player', '2019-05-05', 'Ryan Ade', 0),
(452, 300, 'Player', '2019-05-05', 'Dave Weaver', 0),
(453, 84, 'Player', '2019-05-05', 'Aaron Smith', 0),
(454, 120, 'Player', '2019-05-05', 'Mike Smith', 0),
(455, 438, 'Player', '2019-05-05', 'Robb Mendoza', 0),
(456, 392, 'Player', '2019-05-05', 'Vernon Haley', 0),
(457, 428, 'Player', '2019-05-05', 'Dan Sprunger', 0),
(458, 266, 'Player', '2019-05-05', 'Randy Woodring', 0),
(459, 432, 'Player', '2019-05-06', 'Cody Buriff', 0),
(460, 442, 'Player', '2019-05-06', 'Danny Niederberger', 0),
(461, 157, 'Player', '2019-05-06', 'John Gotsis', 0),
(462, 400, 'Player', '2019-05-06', 'Dimitri Morson', 0),
(463, 418, 'Player', '2019-05-06', 'Mike mccrady', 0),
(464, 345, 'Player', '2019-05-06', 'Brandon Coffer', 0),
(465, 350, 'Player', '2019-05-06', 'Jon Jacobs', 0),
(466, 444, 'Player', '2019-05-06', 'Brian Francis', 0),
(467, 445, 'Player', '2019-05-06', 'Tyler Johnson', 0),
(468, 187, 'Player', '2019-05-06', 'Thomas Stephens', 0),
(469, 255, 'Player', '2019-05-06', 'Todd Morrissey', 0),
(470, 186, 'Player', '2019-05-06', 'Marcus Manges', 0),
(471, 226, 'Player', '2019-05-06', 'Ty Hill', 0),
(472, 206, 'Player', '2019-05-06', 'Pat Cline', 0),
(473, 11, 'Player', '2019-05-06', 'Mark Smit', 0),
(474, 163, 'Player', '2019-05-06', 'Brady Davis', 0),
(475, 427, 'Player', '2019-05-06', 'Bill DeLisle', 0),
(476, 158, 'Player', '2019-05-06', 'Tyler goff', 0),
(477, 446, 'Player', '2019-05-06', 'Josh Wilhelm', 0),
(478, 159, 'Player', '2019-05-06', 'Stacy Tobin', 0),
(479, 443, 'Player', '2019-05-06', 'Josh Niederberger', 0),
(480, 390, 'Player', '2019-05-06', 'Tony Campati', 0),
(481, 452, 'Player', '2019-05-06', 'Lukas Sipe', 0),
(482, 175, 'Player', '2019-05-06', 'Mike Parent', 0),
(483, 402, 'Player', '2019-05-06', 'Cleo Allen', 0),
(484, 204, 'Player', '2019-05-06', 'Fred Sugg', 0),
(485, 201, 'Player', '2019-05-06', 'Kyle Quakenbush', 0),
(486, 313, 'Player', '2019-05-06', 'Matt Witham', 0),
(487, 365, 'Player', '2019-05-07', 'Tim Markus', 0),
(488, 357, 'Player', '2019-05-07', 'Nick Clark', 0),
(489, 209, 'Player', '2019-05-07', 'Stan Sutton', 0),
(490, 171, 'Player', '2019-05-07', 'Chad Smith', 0),
(491, 367, 'Player', '2019-05-07', 'Ryan Stan', 0),
(492, 173, 'Player', '2019-05-07', 'Martin Strother', 0),
(493, 174, 'Player', '2019-05-07', 'Micah Abbott', 0),
(494, 366, 'Player', '2019-05-07', 'Chris Matthews', 0),
(495, 440, 'Player', '2019-05-07', 'Ben Cox', 0),
(496, 453, 'Player', '2019-05-07', 'Jordan Hall', 0),
(497, 338, 'Player', '2019-05-07', 'Boston Fields', 0),
(498, 115, 'Player', '2019-05-07', 'Mike Roth', 0),
(499, 430, 'Player', '2019-05-07', 'Matt Brewer', 0),
(500, 355, 'Player', '2019-05-07', 'Shayne.ault', 1),
(501, 431, 'Player', '2019-05-07', 'Andy Williams', 0),
(502, 454, 'Player', '2019-05-07', 'Andrew Doss', 0),
(503, 455, 'Player', '2019-05-07', 'Bryan Rimmer', 0),
(504, 456, 'Player', '2019-05-07', 'Colton priser', 0),
(505, 449, 'Player', '2019-05-07', 'Brandon Gillam', 0),
(506, 448, 'Player', '2019-05-07', 'Nate Newcomer', 0),
(507, 447, 'Player', '2019-05-07', 'Addison Witt', 0),
(508, 429, 'Player', '2019-05-08', 'Dan Zoeller', 0),
(509, 205, 'Player', '2019-05-08', 'Tyler Sugg', 0),
(510, 433, 'Player', '2019-05-08', 'Stephen Krumalis', 0),
(511, 216, 'Player', '2019-05-08', 'Pres Maxson', 0),
(512, 379, 'Player', '2019-05-09', 'Derek Anger', 0),
(513, 435, 'Player', '2019-05-09', 'Daniel Lundberg', 0),
(514, 210, 'Player', '2019-05-09', 'Greg Sutton', 0),
(515, 431, 'Player', '2019-05-09', 'Andy Williams', 0),
(516, 437, 'Player', '2019-05-09', 'Kellen Hurst', 0),
(517, 436, 'Player', '2019-05-09', 'Jason Wright', 0),
(518, 458, 'Player', '2019-05-09', 'Jeff Johnson', 0),
(519, 242, 'Player', '2019-05-09', 'Trent Carter', 0),
(520, 214, 'Player', '2019-05-09', 'Topher Thompson', 0),
(521, 459, 'Player', '2019-05-09', 'Nick King', 0),
(522, 460, 'Player', '2019-05-10', 'Test Player', 0),
(523, 124, 'Player', '2019-05-12', 'Adam Radtke', 0),
(524, 47, 'Player', '2019-05-13', 'Larry cole', 0),
(525, 44, 'Player', '2019-05-13', 'Matt Schicker', 0),
(526, 42, 'Player', '2019-05-13', 'Jake Richer', 0),
(527, 461, 'Player', '2019-05-13', '', 1),
(528, 48, 'Player', '2019-05-13', 'Mike Lowe', 0),
(529, 394, 'Player', '2019-05-13', 'Jordan Shady', 0),
(530, 43, 'Player', '2019-05-13', 'James McClellan', 0),
(531, 128, 'Player', '2019-05-13', 'kyle fredricks', 0),
(532, 166, 'Player', '2019-05-13', 'Mike Bullard', 0),
(533, 252, 'Player', '2019-05-13', 'Kevin Hicks', 0),
(534, 272, 'Player', '2019-05-14', 'Chad Arnold', 0),
(535, 463, 'Player', '2019-05-14', 'Matt Lauer', 0),
(536, 465, 'Player', '2019-05-14', 'Chase Sanders', 0),
(537, 466, 'Player', '2019-05-14', 'Kyle jarrett', 0),
(538, 467, 'Player', '2019-05-14', 'Ben wenning', 0),
(539, 468, 'Player', '2019-05-15', 'Matt Janke', 0),
(540, 289, 'Player', '2019-05-19', 'Andrew Harper', 0),
(541, 470, 'Player', '2019-05-19', 'Tim Berry', 0),
(542, 192, 'Player', '2019-05-20', 'Randy Kinnett', 0),
(543, 294, 'Player', '2019-05-20', 'Jakob Senior', 1),
(544, 469, 'Player', '2019-05-23', 'Mike Perkins', 1),
(545, 471, 'Player', '2019-05-23', 'Jeremy Mills', 0),
(546, 295, 'Player', '2019-05-30', 'Kevin prater', 0),
(547, 473, 'Player', '2019-05-30', 'Adam Zoeller', 0),
(548, 472, 'Player', '2019-05-30', 'Andy Martin', 0),
(549, 474, 'Player', '2019-06-05', 'Anne Osborne', 1),
(550, 364, 'Player', '2019-06-11', 'Jonathan Manbeck', 0),
(551, 476, 'Player', '2019-06-11', '', 1),
(552, 477, 'Player', '2019-06-13', '', 1),
(553, 478, 'Player', '2019-06-13', 'Jon Wenger', 0),
(554, 481, 'Player', '2019-06-13', 'Daniel Meyer', 0),
(555, 482, 'Player', '2019-06-20', 'Hiatt Dunlop', 0),
(556, 485, 'Player', '2019-06-27', 'Brian Hildebrand', 0),
(557, 484, 'Player', '2019-06-27', 'Zach Kotyknski', 0),
(558, 488, 'Player', '2019-06-27', 'Justin Kauffman', 0),
(559, 486, 'Player', '2019-06-27', 'Todd Honschell', 0),
(560, 487, 'Player', '2019-06-29', 'Brett King', 0),
(561, 489, 'Player', '2019-07-03', 'Chris Rawlins', 0),
(562, 490, 'Player', '2019-07-03', 'Lee Van Groningen', 0),
(563, 28, 'Coach', '2020-02-07', 'David Cole', 0),
(564, 28, 'Player', '2020-02-07', 'David Cole', 0),
(565, 4, 'Coach', '2020-02-17', 'David Peters', 0),
(566, 4, 'Player', '2020-02-17', 'David Peters', 0),
(567, 382, 'Player', '2020-03-04', 'David Cole', 0),
(568, 26, 'Coach', '2020-03-15', 'Craig Durbin', 0),
(569, 26, 'Player', '2020-03-15', 'Craig Durbin', 0),
(570, 32, 'Player', '2020-03-19', 'David Clark', 0),
(571, 218, 'Coach', '2020-04-30', 'Chad Arnold', 0),
(572, 218, 'Player', '2020-04-30', 'Chad Arnold', 0),
(573, 87, 'Player', '2020-05-18', 'Brian Norris', 0),
(574, 91, 'Player', '2020-05-19', 'Jade West', 0),
(575, 91, 'Player', '2020-05-19', 'Jade West', 0),
(576, 40, 'Player', '2020-05-20', 'David Brown', 0),
(577, 235, 'Coach', '2020-05-20', 'Alec Tod', 0),
(578, 235, 'Player', '2020-05-20', 'Alec Tod', 0),
(579, 37, 'Coach', '2020-05-21', 'George Baker', 0),
(580, 37, 'Player', '2020-05-21', 'George Baker', 0),
(581, 23, 'Player', '2020-05-22', 'Jim McGowan', 0),
(582, 23, 'Coach', '2020-05-22', 'Jim McGowan', 0),
(583, 459, 'Player', '2020-05-22', 'Nick King', 0),
(584, 492, 'Coach', '2020-05-22', 'Joel Erickson', 0),
(585, 492, 'Player', '2020-05-22', 'Joel Erickson', 0),
(586, 481, 'Player', '2020-05-22', 'Daniel Meyer', 0),
(587, 481, 'Player', '2020-05-22', 'Daniel Meyer', 0),
(588, 493, 'Coach', '2020-05-22', 'Jared Stimson', 0),
(589, 493, 'Player', '2020-05-22', 'Jared Stimson', 0),
(590, 215, 'Player', '2020-05-22', 'Nick Babb', 0),
(591, 494, 'Coach', '2020-05-22', 'Jeb Rice', 0),
(592, 494, 'Player', '2020-05-22', 'Jeb Rice', 0),
(593, 105, 'Player', '2020-05-22', 'Greg Clements', 0),
(594, 204, 'Player', '2020-05-22', 'Fred Sugg', 0),
(595, 109, 'Player', '2020-05-22', 'Chris Nigh', 0),
(596, 223, 'Player', '2020-05-22', 'Steven Porto', 0),
(597, 221, 'Player', '2020-05-22', 'Andrew Hipskind', 0),
(598, 173, 'Player', '2020-05-22', 'Martin Strother', 0),
(599, 238, 'Coach', '2020-05-22', 'Shawn Yoder', 0),
(600, 238, 'Player', '2020-05-22', 'Shawn Yoder', 0),
(601, 83, 'Coach', '2020-05-23', 'Mike Knotts', 0),
(602, 83, 'Player', '2020-05-23', 'Mike Knotts', 0),
(603, 284, 'Player', '2020-05-23', 'Jerry Campbell', 0),
(604, 517, 'Player', '2020-05-23', 'Aaron Ashabraner', 0),
(605, 516, 'Player', '2020-05-23', 'Brian Pisula', 0),
(606, 181, 'Coach', '2020-05-23', 'Keith winiger', 0),
(607, 181, 'Player', '2020-05-23', 'Keith winiger', 0),
(608, 515, 'Player', '2020-05-24', 'Monte Edwards', 0),
(609, 34, 'Coach', '2020-05-24', 'Jesse Wilson', 0),
(610, 34, 'Player', '2020-05-24', 'Jesse Wilson', 0),
(611, 179, 'Player', '2020-05-24', 'Seth Paladin', 0),
(612, 385, 'Player', '2020-05-25', 'Francis Ramirez', 0),
(613, 408, 'Player', '2020-05-25', 'Josh Gonzalez', 0),
(614, 442, 'Player', '2020-05-25', 'Danny Niederberger', 0),
(615, 189, 'Player', '2020-05-25', 'Jeff Kraus', 0),
(616, 224, 'Player', '2020-05-26', 'Zach Kinning', 0),
(617, 452, 'Player', '2020-05-26', 'Lukas Sipe', 0),
(618, 101, 'Player', '2020-05-26', 'Matt Thistle', 0),
(619, 512, 'Player', '2020-05-26', 'Taylor Clark', 0),
(620, 372, 'Player', '2020-05-26', 'Adam Hayford', 0),
(621, 110, 'Player', '2020-05-26', 'Zach Ulrey', 0),
(622, 521, 'Player', '2020-05-26', 'Zach Dearmin', 0),
(623, 520, 'Player', '2020-05-26', 'Matthew Parks', 0),
(624, 519, 'Player', '2020-05-26', 'Matt Schuermann', 0),
(625, 518, 'Player', '2020-05-26', 'Clinton Hughey', 0),
(626, 416, 'Player', '2020-05-26', 'Alex Marsh', 0),
(627, 414, 'Player', '2020-05-26', 'Alex Soller', 0),
(628, 410, 'Player', '2020-05-26', 'Brook Vosler', 0),
(629, 415, 'Player', '2020-05-26', 'Jake Rupp', 0),
(630, 412, 'Player', '2020-05-26', 'Phillip Thompson', 0),
(631, 405, 'Player', '2020-05-26', 'Jordan Jeran', 0),
(632, 411, 'Player', '2020-05-26', 'Ransford Walker', 0),
(633, 407, 'Player', '2020-05-26', 'Dwayne Gibbs', 0),
(634, 406, 'Player', '2020-05-26', 'Wayland Thompson', 0),
(635, 522, 'Player', '2020-05-27', 'Austen Pitman', 0),
(636, 187, 'Player', '2020-05-27', 'Thomas Stephens', 0),
(637, 513, 'Player', '2020-05-27', 'Elijah Legler', 0),
(638, 236, 'Coach', '2020-05-27', 'Jeff Johnson', 0),
(639, 236, 'Player', '2020-05-27', 'Jeff Johnson', 0),
(640, 82, 'Coach', '2020-05-27', 'Kevin Wagner', 0),
(641, 82, 'Player', '2020-05-27', 'Kevin Wagner', 0),
(642, 20, 'Coach', '2020-05-27', 'Pete Ringenberg', 0),
(643, 20, 'Player', '2020-05-27', 'Pete Ringenberg', 0),
(644, 527, 'Player', '2020-05-27', 'Aaron Hoefling', 0),
(645, 92, 'Player', '2020-05-28', 'Marc Kramer', 0),
(646, 202, 'Player', '2020-05-28', 'Mo Guyer', 0),
(647, 201, 'Player', '2020-05-28', 'Kyle Quakenbush', 0),
(648, 216, 'Player', '2020-05-28', 'Pres Maxson', 0),
(649, 98, 'Player', '2020-05-28', 'Mark Mattingly', 0),
(650, 242, 'Player', '2020-05-28', 'TRENT CARTER', 0),
(651, 111, 'Player', '2020-05-28', 'Matt Davis', 0),
(652, 144, 'Player', '2020-05-29', 'Doug Haney', 0),
(653, 93, 'Player', '2020-05-29', 'Matt Phillips', 0),
(654, 534, 'Player', '2020-05-29', 'Tyler Sugg', 0),
(655, 286, 'Player', '2020-05-29', 'Kevin Berger', 0),
(656, 213, 'Player', '2020-05-29', 'Josh Guyer', 0),
(657, 530, 'Player', '2020-05-29', 'BG MOORE', 0),
(658, 225, 'Player', '2020-05-30', 'Daniel Powell', 0),
(659, 536, 'Player', '2020-05-30', 'Michael Bekebrede', 0),
(660, 89, 'Player', '2020-05-31', 'Chris Steininger', 0),
(661, 523, 'Player', '2020-05-31', 'Alex Kraus', 0),
(662, 117, 'Player', '2020-05-31', 'John Beyer', 0),
(663, 196, 'Player', '2020-05-31', 'Chris Gipson', 0),
(664, 90, 'Player', '2020-05-31', 'Ethan Brown', 0),
(665, 123, 'Player', '2020-05-31', 'Al Gehring', 0),
(666, 468, 'Player', '2020-05-31', 'Matt Janke', 0),
(667, 537, 'Player', '2020-05-31', 'Sebastian Baxter', 0),
(668, 476, 'Player', '2020-06-01', 'Ryan Schrock', 0),
(669, 443, 'Player', '2020-06-01', 'Josh Niederberger', 0);




ALTER TABLE `games`
  ADD PRIMARY KEY (`id`);


ALTER TABLE `locations`
  ADD PRIMARY KEY (`id`);


ALTER TABLE `pages`
  ADD PRIMARY KEY (`id`);


ALTER TABLE `scores`
  ADD PRIMARY KEY (`id`);


ALTER TABLE `seasons`
  ADD PRIMARY KEY (`id`);


ALTER TABLE `teams`
  ADD PRIMARY KEY (`id`);


ALTER TABLE `users`
  ADD PRIMARY KEY (`id`);


ALTER TABLE `waivers`
  ADD PRIMARY KEY (`id`);




ALTER TABLE `games`
  MODIFY `id` int(11) NOT NULL AUTO_INCREMENT, AUTO_INCREMENT=57;


ALTER TABLE `locations`
  MODIFY `id` int(11) NOT NULL AUTO_INCREMENT, AUTO_INCREMENT=6;


ALTER TABLE `pages`
  MODIFY `id` int(11) NOT NULL AUTO_INCREMENT, AUTO_INCREMENT=5;


ALTER TABLE `scores`
  MODIFY `id` int(11) NOT NULL AUTO_INCREMENT, AUTO_INCREMENT=151;


ALTER TABLE `seasons`
  MODIFY `id` int(11) NOT NULL AUTO_INCREMENT, AUTO_INCREMENT=5;


ALTER TABLE `teams`
  MODIFY `id` int(11) NOT NULL AUTO_INCREMENT, AUTO_INCREMENT=34;


ALTER TABLE `users`
  MODIFY `id` int(11) NOT NULL AUTO_INCREMENT, AUTO_INCREMENT=542;


ALTER TABLE `waivers`
  MODIFY `id` int(11) NOT NULL AUTO_INCREMENT, AUTO_INCREMENT=670;
COMMIT;
